{"returned_dict": {"loss": 0.14502953468397065, "r2": -3.023927489274494, "status": "ok", "start_time": 1614167547.3343692, "duration": 0.8261122703552246}, "current_params": {"N": 500, "iss": 0.9, "leak": 0.0032780432870046935, "ridge": 1e-07, "seed": 1234, "sr": 2.736452822078242}}