{"returned_dict": {"loss": 1.8955035085139882, "r2": -1.8651227766592084, "status": "ok", "start_time": 1614167546.5053504, "duration": 0.820380449295044}, "current_params": {"N": 500, "iss": 0.9, "leak": 0.5703843027403085, "ridge": 1e-07, "seed": 1234, "sr": 0.2160217783087771}}