{"returned_dict": {"loss": 10.021278074415074, "r2": -41.05555738966432, "status": "ok", "start_time": 1607968561.2153344, "duration": 0.7446591854095459}, "current_params": {"N": 500, "iss": 0.9, "leak": 0.03877811798569363, "ridge": 1e-07, "seed": 1234, "sr": 5.934851196465857}}