{"returned_dict": {"loss": 10.066404841022377, "r2": -35.78170671498393, "status": "ok", "start_time": 1607968567.5427258, "duration": 0.6114614009857178}, "current_params": {"N": 500, "iss": 0.9, "leak": 0.027719514053447254, "ridge": 1e-07, "seed": 1234, "sr": 0.3155882240572928}}