{"returned_dict": {"loss": 10.048246234272026, "r2": -34.105828790552884, "status": "ok", "start_time": 1607968898.2965262, "duration": 0.725283145904541}, "current_params": {"N": 500, "iss": 0.9, "leak": 0.08638393483942033, "ridge": 1e-07, "seed": 1234, "sr": 0.428948774206701}}