{"returned_dict": {"loss": 10.004589860242765, "r2": -35.852950843864505, "status": "ok", "start_time": 1607968915.820151, "duration": 0.7553424835205078}, "current_params": {"N": 500, "iss": 0.9, "leak": 0.4556989074478392, "ridge": 1e-07, "seed": 1234, "sr": 0.1326423597418644}}