{"returned_dict": {"loss": 10.012279526061027, "r2": -36.54807313102294, "status": "ok", "start_time": 1607968858.0910203, "duration": 0.6133975982666016}, "current_params": {"N": 500, "iss": 0.9, "leak": 0.002088093422305236, "ridge": 1e-07, "seed": 1234, "sr": 0.5406530886028886}}