{"returned_dict": {"loss": 10.03067724843377, "r2": -35.46781151522372, "status": "ok", "start_time": 1607968692.0665753, "duration": 0.6044089794158936}, "current_params": {"N": 500, "iss": 0.9, "leak": 0.1593355052740277, "ridge": 1e-07, "seed": 1234, "sr": 0.01965645609836036}}