{"returned_dict": {"loss": 10.03348073732263, "r2": -36.93968933965293, "status": "ok", "start_time": 1607968928.2895262, "duration": 0.7842485904693604}, "current_params": {"N": 500, "iss": 0.9, "leak": 0.0016886923822007653, "ridge": 1e-07, "seed": 1234, "sr": 0.7518129242974846}}