{"returned_dict": {"loss": 10.094553331627514, "r2": -35.241066061215356, "status": "ok", "start_time": 1607968926.8892941, "duration": 0.712054967880249}, "current_params": {"N": 500, "iss": 0.9, "leak": 0.003248948860346379, "ridge": 1e-07, "seed": 1234, "sr": 1.4070717615646346}}