{"returned_dict": {"loss": 10.011321179021934, "r2": -46.44140565478133, "status": "ok", "start_time": 1607968952.7130527, "duration": 0.6857125759124756}, "current_params": {"N": 500, "iss": 0.9, "leak": 0.1242984390028092, "ridge": 1e-07, "seed": 1234, "sr": 3.3587610344270806}}