{"returned_dict": {"loss": 10.097381261687197, "r2": -37.435896949734804, "status": "ok", "start_time": 1607968689.2027237, "duration": 0.706946611404419}, "current_params": {"N": 500, "iss": 0.9, "leak": 0.00236647531047387, "ridge": 1e-07, "seed": 1234, "sr": 0.35277381019985377}}