{"returned_dict": {"loss": 10.030808544357876, "r2": -36.02616847138308, "status": "ok", "start_time": 1607968926.0684733, "duration": 0.8036410808563232}, "current_params": {"N": 500, "iss": 0.9, "leak": 0.4850663568610903, "ridge": 1e-07, "seed": 1234, "sr": 0.09513797521200724}}