{"returned_dict": {"loss": 10.075657625922686, "r2": -36.587153314688386, "status": "ok", "start_time": 1607969016.002148, "duration": 0.707564115524292}, "current_params": {"N": 500, "iss": 0.9, "leak": 0.43846126034356786, "ridge": 1e-07, "seed": 1234, "sr": 0.18644897871221366}}