{"returned_dict": {"loss": 10.077500754855148, "r2": -35.94904130882305, "status": "ok", "start_time": 1607968883.5478187, "duration": 0.7319619655609131}, "current_params": {"N": 500, "iss": 0.9, "leak": 0.21479081917005088, "ridge": 1e-07, "seed": 1234, "sr": 0.5266416122055131}}