{"returned_dict": {"loss": 10.012279512686137, "r2": -36.19758168717051, "status": "ok", "start_time": 1607968961.3026688, "duration": 0.7216110229492188}, "current_params": {"N": 500, "iss": 0.9, "leak": 0.0030805837630490484, "ridge": 1e-07, "seed": 1234, "sr": 0.2657530678224289}}