{"returned_dict": {"loss": 10.021617716660367, "r2": -35.86943380736505, "status": "ok", "start_time": 1607968691.357606, "duration": 0.7050275802612305}, "current_params": {"N": 500, "iss": 0.9, "leak": 0.4220225870839369, "ridge": 1e-07, "seed": 1234, "sr": 0.15608372028313616}}