{"returned_dict": {"loss": 10.167992123409622, "r2": -36.3582733257415, "status": "ok", "start_time": 1607968684.9725993, "duration": 0.6943137645721436}, "current_params": {"N": 500, "iss": 0.9, "leak": 0.28411231508773116, "ridge": 1e-07, "seed": 1234, "sr": 0.010253943538922516}}