{"returned_dict": {"loss": 10.119181867440053, "r2": -36.71328885768769, "status": "ok", "start_time": 1607968560.4506, "duration": 0.7599372863769531}, "current_params": {"N": 500, "iss": 0.9, "leak": 0.12348983634751151, "ridge": 1e-07, "seed": 1234, "sr": 0.03194471806023239}}