{"returned_dict": {"loss": 10.199053247736858, "r2": -37.59872997603381, "status": "ok", "start_time": 1607968946.399376, "duration": 0.680325984954834}, "current_params": {"N": 500, "iss": 0.9, "leak": 0.11633507220029671, "ridge": 1e-07, "seed": 1234, "sr": 0.0374566144716504}}