{"returned_dict": {"loss": 10.166748971964322, "r2": -35.68391587471915, "status": "ok", "start_time": 1607968935.0521836, "duration": 0.6115689277648926}, "current_params": {"N": 500, "iss": 0.9, "leak": 0.004700351957272025, "ridge": 1e-07, "seed": 1234, "sr": 1.6054032787755494}}