{"returned_dict": {"loss": 10.181989153809141, "r2": -36.896169997388114, "status": "ok", "start_time": 1607968882.1000392, "duration": 0.6862428188323975}, "current_params": {"N": 500, "iss": 0.9, "leak": 0.03164936730727689, "ridge": 1e-07, "seed": 1234, "sr": 0.898616503417977}}