{"returned_dict": {"loss": 10.14343727722168, "r2": -43.63714165615186, "status": "ok", "start_time": 1607968694.6199195, "duration": 0.7086830139160156}, "current_params": {"N": 500, "iss": 0.9, "leak": 0.08412603311476717, "ridge": 1e-07, "seed": 1234, "sr": 6.063429010278717}}