{"returned_dict": {"loss": 10.191160721265142, "r2": -38.19306172129996, "status": "ok", "start_time": 1607968970.1112282, "duration": 0.6458239555358887}, "current_params": {"N": 500, "iss": 0.9, "leak": 0.003504883934451266, "ridge": 1e-07, "seed": 1234, "sr": 0.14446964573895052}}