{"returned_dict": {"loss": 10.1035872712252, "r2": -37.06764944479618, "status": "ok", "start_time": 1607968842.5516684, "duration": 0.7288703918457031}, "current_params": {"N": 500, "iss": 0.9, "leak": 0.5567629406769977, "ridge": 1e-07, "seed": 1234, "sr": 0.06141802973167393}}