{"returned_dict": {"loss": 10.195821348550265, "r2": -36.965697195494585, "status": "ok", "start_time": 1607968978.161964, "duration": 0.7316684722900391}, "current_params": {"N": 500, "iss": 0.9, "leak": 0.0010872625302997456, "ridge": 1e-07, "seed": 1234, "sr": 4.846954955860806}}