{"returned_dict": {"loss": 10.134423580856465, "r2": -37.97387761755824, "status": "ok", "start_time": 1607969014.5437753, "duration": 0.7160739898681641}, "current_params": {"N": 500, "iss": 0.9, "leak": 0.00206852591161272, "ridge": 1e-07, "seed": 1234, "sr": 0.41604247604108824}}