{"returned_dict": {"loss": 10.180715531469525, "r2": -37.236045471792785, "status": "ok", "start_time": 1607969002.2874417, "duration": 0.6693477630615234}, "current_params": {"N": 500, "iss": 0.9, "leak": 0.5213115125048536, "ridge": 1e-07, "seed": 1234, "sr": 0.04995004506744742}}