{"returned_dict": {"loss": 10.106440629923497, "r2": -36.603181643726316, "status": "ok", "start_time": 1607968863.7691567, "duration": 0.6971521377563477}, "current_params": {"N": 500, "iss": 0.9, "leak": 0.02545734888581258, "ridge": 1e-07, "seed": 1234, "sr": 0.42181905417905396}}