{"returned_dict": {"loss": 10.278972841663665, "r2": -39.10752947466828, "status": "ok", "start_time": 1607968509.058642, "duration": 0.7336251735687256}, "current_params": {"N": 500, "iss": 0.9, "leak": 0.02421285932991578, "ridge": 1e-07, "seed": 1234, "sr": 4.270113696662628}}