{"returned_dict": {"loss": 10.239370878590627, "r2": -37.352885222465176, "status": "ok", "start_time": 1607968693.3997743, "duration": 0.5948667526245117}, "current_params": {"N": 500, "iss": 0.9, "leak": 0.060227656810651196, "ridge": 1e-07, "seed": 1234, "sr": 0.09814119648520418}}