{"returned_dict": {"loss": 10.236839152413742, "r2": -36.244076389157655, "status": "ok", "start_time": 1607968498.5053303, "duration": 0.6348423957824707}, "current_params": {"N": 500, "iss": 0.9, "leak": 0.0032572435640106467, "ridge": 1e-07, "seed": 1234, "sr": 1.8153405066717057}}