{"returned_dict": {"loss": 10.262848409680656, "r2": -39.70078875159607, "status": "ok", "start_time": 1607968692.6751523, "duration": 0.7124593257904053}, "current_params": {"N": 500, "iss": 0.9, "leak": 0.0022779177665192218, "ridge": 1e-07, "seed": 1234, "sr": 0.2232294322941299}}