{"returned_dict": {"loss": 10.265184288685374, "r2": -40.49064433870149, "status": "ok", "start_time": 1607968934.3407233, "duration": 0.7051818370819092}, "current_params": {"N": 500, "iss": 0.9, "leak": 0.049219441803438485, "ridge": 1e-07, "seed": 1234, "sr": 2.700260653195169}}