{"returned_dict": {"loss": 10.27102899923933, "r2": -36.49337337700748, "status": "ok", "start_time": 1607968840.5521631, "duration": 0.6224644184112549}, "current_params": {"N": 500, "iss": 0.9, "leak": 0.0033748477951368863, "ridge": 1e-07, "seed": 1234, "sr": 1.8944446612809236}}