{"returned_dict": {"loss": 10.267738852794723, "r2": -39.69994580968349, "status": "ok", "start_time": 1607968698.9518075, "duration": 0.7375762462615967}, "current_params": {"N": 500, "iss": 0.9, "leak": 0.0024830117576109057, "ridge": 1e-07, "seed": 1234, "sr": 0.18855680436302236}}