{"returned_dict": {"loss": 10.227638252734478, "r2": -47.768047558398735, "status": "ok", "start_time": 1607968547.1079922, "duration": 0.7780635356903076}, "current_params": {"N": 500, "iss": 0.9, "leak": 0.41147700475472415, "ridge": 1e-07, "seed": 1234, "sr": 3.767657102026174}}