{"returned_dict": {"loss": 10.291905812793322, "r2": -36.65305520352906, "status": "ok", "start_time": 1607968889.7536547, "duration": 0.6889467239379883}, "current_params": {"N": 500, "iss": 0.9, "leak": 0.32234291247589403, "ridge": 1e-07, "seed": 1234, "sr": 0.08620781758190296}}