{"returned_dict": {"loss": 10.20777720552792, "r2": -39.47250670949999, "status": "ok", "start_time": 1607968899.029982, "duration": 0.7210345268249512}, "current_params": {"N": 500, "iss": 0.9, "leak": 0.0010927485713832401, "ridge": 1e-07, "seed": 1234, "sr": 0.01020449373137781}}