{"returned_dict": {"loss": 10.381653346164924, "r2": -37.44358029358438, "status": "ok", "start_time": 1607968694.0047264, "duration": 0.6045753955841064}, "current_params": {"N": 500, "iss": 0.9, "leak": 0.0029268830543897344, "ridge": 1e-07, "seed": 1234, "sr": 2.3331191879280895}}