{"returned_dict": {"loss": 10.333097140844252, "r2": -37.016944634187205, "status": "ok", "start_time": 1607968678.1622312, "duration": 0.7534830570220947}, "current_params": {"N": 500, "iss": 0.9, "leak": 0.15246748254295608, "ridge": 1e-07, "seed": 1234, "sr": 0.16994636371262759}}