{"returned_dict": {"loss": 10.37966272479712, "r2": -41.2713563160356, "status": "ok", "start_time": 1607968860.2572415, "duration": 0.7038936614990234}, "current_params": {"N": 500, "iss": 0.9, "leak": 0.0013566916002199676, "ridge": 1e-07, "seed": 1234, "sr": 0.020555650604242474}}