{"returned_dict": {"loss": 10.328704083648708, "r2": -40.71288061066061, "status": "ok", "start_time": 1607968987.6548383, "duration": 0.6021878719329834}, "current_params": {"N": 500, "iss": 0.9, "leak": 0.001782185082622318, "ridge": 1e-07, "seed": 1234, "sr": 0.26939684562989874}}