{"returned_dict": {"loss": 10.364437603706813, "r2": -40.83685854452196, "status": "ok", "start_time": 1607968942.0705745, "duration": 0.748565673828125}, "current_params": {"N": 500, "iss": 0.9, "leak": 0.0028763937876950074, "ridge": 1e-07, "seed": 1234, "sr": 0.1033678217525281}}