{"returned_dict": {"loss": 10.385413317399598, "r2": -38.39143550437651, "status": "ok", "start_time": 1607968870.352374, "duration": 0.9693591594696045}, "current_params": {"N": 500, "iss": 0.9, "leak": 0.35190604818686366, "ridge": 1e-07, "seed": 1234, "sr": 0.014967687802969273}}