{"returned_dict": {"loss": 10.36750381902862, "r2": -38.56110036005387, "status": "ok", "start_time": 1607968976.7254562, "duration": 0.7018773555755615}, "current_params": {"N": 500, "iss": 0.9, "leak": 0.04202927893056954, "ridge": 1e-07, "seed": 1234, "sr": 0.7198838639253357}}