{"returned_dict": {"loss": 10.37731473329591, "r2": -39.20054973279225, "status": "ok", "start_time": 1607968830.6584516, "duration": 0.734173059463501}, "current_params": {"N": 500, "iss": 0.9, "leak": 0.13604706220759827, "ridge": 1e-07, "seed": 1234, "sr": 0.034942986214225244}}