{"returned_dict": {"loss": 10.370677128987852, "r2": -38.83659311421747, "status": "ok", "start_time": 1607968866.6565206, "duration": 0.7216000556945801}, "current_params": {"N": 500, "iss": 0.9, "leak": 0.16342448320390293, "ridge": 1e-07, "seed": 1234, "sr": 0.027048105328683587}}