{"returned_dict": {"loss": 10.319432460077367, "r2": -36.9255345433394, "status": "ok", "start_time": 1607969017.4415073, "duration": 0.7281146049499512}, "current_params": {"N": 500, "iss": 0.9, "leak": 0.11325765209715193, "ridge": 1e-07, "seed": 1234, "sr": 0.26694388073835634}}