{"returned_dict": {"loss": 10.394777517324682, "r2": -39.48046421181091, "status": "ok", "start_time": 1607968800.8798115, "duration": 0.7019674777984619}, "current_params": {"N": 500, "iss": 0.9, "leak": 0.12780333342669342, "ridge": 1e-07, "seed": 1234, "sr": 0.03879422438694868}}