{"returned_dict": {"loss": 10.361810100384462, "r2": -38.17196339335411, "status": "ok", "start_time": 1607968906.057608, "duration": 0.7076995372772217}, "current_params": {"N": 500, "iss": 0.9, "leak": 0.3785248133527697, "ridge": 1e-07, "seed": 1234, "sr": 0.012266616116635223}}