{"returned_dict": {"loss": 10.317749315113964, "r2": -36.95719413260614, "status": "ok", "start_time": 1607968503.4685223, "duration": 0.7354066371917725}, "current_params": {"N": 500, "iss": 0.9, "leak": 0.12246396601688117, "ridge": 1e-07, "seed": 1234, "sr": 0.23604907516970605}}