{"returned_dict": {"loss": 10.373649796247681, "r2": -38.37630279098072, "status": "ok", "start_time": 1607968597.687891, "duration": 0.7082109451293945}, "current_params": {"N": 500, "iss": 0.9, "leak": 0.44685185303550096, "ridge": 1e-07, "seed": 1234, "sr": 0.01806951053507477}}