{"returned_dict": {"loss": 10.364738123792073, "r2": -37.514050401519164, "status": "ok", "start_time": 1607968528.0892894, "duration": 0.588911771774292}, "current_params": {"N": 500, "iss": 0.9, "leak": 0.0038663743284579055, "ridge": 1e-07, "seed": 1234, "sr": 2.2612989702012056}}