{"returned_dict": {"loss": 10.341006644698686, "r2": -38.8734627332864, "status": "ok", "start_time": 1607968736.2252886, "duration": 0.6352498531341553}, "current_params": {"N": 500, "iss": 0.9, "leak": 0.006771383223196001, "ridge": 1e-07, "seed": 1234, "sr": 1.934909066984448}}