{"returned_dict": {"loss": 10.35863037041956, "r2": -40.43694567715516, "status": "ok", "start_time": 1607968480.1531756, "duration": 0.6688988208770752}, "current_params": {"N": 500, "iss": 0.9, "leak": 0.0010492917691774155, "ridge": 1e-07, "seed": 1234, "sr": 0.966765137644476}}