{"returned_dict": {"loss": 10.318891272329683, "r2": -39.78103502618581, "status": "ok", "start_time": 1607968518.2855685, "duration": 0.7245094776153564}, "current_params": {"N": 500, "iss": 0.9, "leak": 0.0035810329385586887, "ridge": 1e-07, "seed": 1234, "sr": 0.10156711623284714}}