{"returned_dict": {"loss": 10.364540316209036, "r2": -39.82105757229554, "status": "ok", "start_time": 1607968497.0307214, "duration": 0.7134613990783691}, "current_params": {"N": 500, "iss": 0.9, "leak": 0.004602210772666679, "ridge": 1e-07, "seed": 1234, "sr": 0.072882316902001}}