{"returned_dict": {"loss": 10.369909501177668, "r2": -46.27606553459242, "status": "ok", "start_time": 1607968872.9310935, "duration": 0.8094861507415771}, "current_params": {"N": 500, "iss": 0.9, "leak": 0.0407212678676811, "ridge": 1e-07, "seed": 1234, "sr": 4.8690275955471565}}