{"returned_dict": {"loss": 10.415354209568408, "r2": -38.83310127989457, "status": "ok", "start_time": 1607968792.205501, "duration": 0.7328832149505615}, "current_params": {"N": 500, "iss": 0.9, "leak": 0.2441926938547419, "ridge": 1e-07, "seed": 1234, "sr": 0.019089455006994858}}