{"returned_dict": {"loss": 10.456883742162004, "r2": -42.16361893427256, "status": "ok", "start_time": 1607968924.5900314, "duration": 0.7849044799804688}, "current_params": {"N": 500, "iss": 0.9, "leak": 0.001869221804438856, "ridge": 1e-07, "seed": 1234, "sr": 0.0261231726783478}}