{"returned_dict": {"loss": 10.472115801901234, "r2": -42.033890866275925, "status": "ok", "start_time": 1607968514.0601394, "duration": 0.6996700763702393}, "current_params": {"N": 500, "iss": 0.9, "leak": 0.0010810412149041802, "ridge": 1e-07, "seed": 1234, "sr": 0.11049000979230313}}