{"returned_dict": {"loss": 10.4965901589429, "r2": -38.72037752405175, "status": "ok", "start_time": 1607968680.4707732, "duration": 0.936481237411499}, "current_params": {"N": 500, "iss": 0.9, "leak": 0.0032780432870046935, "ridge": 1e-07, "seed": 1234, "sr": 2.736452822078242}}