{"returned_dict": {"loss": 10.492101492800542, "r2": -39.7733092576486, "status": "ok", "start_time": 1607968785.9265578, "duration": 0.6477446556091309}, "current_params": {"N": 500, "iss": 0.9, "leak": 0.01928237838925709, "ridge": 1e-07, "seed": 1234, "sr": 0.01396122115751558}}