{"returned_dict": {"loss": 10.482974507854996, "r2": -38.90887685328317, "status": "ok", "start_time": 1607968566.8239765, "duration": 0.7090203762054443}, "current_params": {"N": 500, "iss": 0.9, "leak": 0.2653762186050706, "ridge": 1e-07, "seed": 1234, "sr": 0.06094288939881764}}