{"returned_dict": {"loss": 10.475575578790442, "r2": -40.24549505810699, "status": "ok", "start_time": 1607968927.609355, "duration": 0.6683371067047119}, "current_params": {"N": 500, "iss": 0.9, "leak": 0.0075526869565615195, "ridge": 1e-07, "seed": 1234, "sr": 0.039706117240846356}}