{"returned_dict": {"loss": 10.45890970614538, "r2": -42.14720768240618, "status": "ok", "start_time": 1607968960.0035598, "duration": 0.7533621788024902}, "current_params": {"N": 500, "iss": 0.9, "leak": 0.0014040062952658105, "ridge": 1e-07, "seed": 1234, "sr": 0.09353558359590572}}