{"returned_dict": {"loss": 10.47357789909968, "r2": -42.313839374544244, "status": "ok", "start_time": 1607968990.179458, "duration": 0.7231044769287109}, "current_params": {"N": 500, "iss": 0.9, "leak": 0.0021618623476821934, "ridge": 1e-07, "seed": 1234, "sr": 0.023367509924986957}}