{"returned_dict": {"loss": 10.413797633221487, "r2": -38.843680355886086, "status": "ok", "start_time": 1607968758.4807124, "duration": 0.7216377258300781}, "current_params": {"N": 500, "iss": 0.9, "leak": 0.49255312249506455, "ridge": 1e-07, "seed": 1234, "sr": 0.010866843640551046}}