{"returned_dict": {"loss": 10.413449359345208, "r2": -42.22699912679399, "status": "ok", "start_time": 1607968792.9453375, "duration": 0.6838955879211426}, "current_params": {"N": 500, "iss": 0.9, "leak": 0.03560899806935273, "ridge": 1e-07, "seed": 1234, "sr": 3.5686426526825064}}