{"returned_dict": {"loss": 10.451668918162833, "r2": -39.62101337669418, "status": "ok", "start_time": 1607968761.8931053, "duration": 0.7513718605041504}, "current_params": {"N": 500, "iss": 0.9, "leak": 0.040658502996549335, "ridge": 1e-07, "seed": 1234, "sr": 0.2110154124777946}}