{"returned_dict": {"loss": 10.434410020221046, "r2": -41.889715948730725, "status": "ok", "start_time": 1607968825.1093073, "duration": 0.6474251747131348}, "current_params": {"N": 500, "iss": 0.9, "leak": 0.0017414510610474418, "ridge": 1e-07, "seed": 1234, "sr": 0.01199330671748258}}