{"returned_dict": {"loss": 10.499104394969294, "r2": -38.67794536903322, "status": "ok", "start_time": 1607969030.8582132, "duration": 0.7050833702087402}, "current_params": {"N": 500, "iss": 0.9, "leak": 0.003172002923509502, "ridge": 1e-07, "seed": 1234, "sr": 2.751761467449168}}