{"returned_dict": {"loss": 10.46316746235668, "r2": -42.1004895521769, "status": "ok", "start_time": 1607968923.0536702, "duration": 0.7522876262664795}, "current_params": {"N": 500, "iss": 0.9, "leak": 0.001272044568012099, "ridge": 1e-07, "seed": 1234, "sr": 0.08749561222602019}}