{"returned_dict": {"loss": 10.473751982137456, "r2": -42.160303460001366, "status": "ok", "start_time": 1607968982.4022942, "duration": 0.7264909744262695}, "current_params": {"N": 500, "iss": 0.9, "leak": 0.0011397609760129856, "ridge": 1e-07, "seed": 1234, "sr": 0.18055512133586585}}