{"returned_dict": {"loss": 10.55069715906548, "r2": -42.78982054230636, "status": "ok", "start_time": 1607968798.7204497, "duration": 0.7236058712005615}, "current_params": {"N": 500, "iss": 0.9, "leak": 0.00339690225815031, "ridge": 1e-07, "seed": 1234, "sr": 0.02062940087942412}}