{"returned_dict": {"loss": 10.569583104713077, "r2": -39.49565094058381, "status": "ok", "start_time": 1607969027.262814, "duration": 0.6903254985809326}, "current_params": {"N": 500, "iss": 0.9, "leak": 0.1970025642418873, "ridge": 1e-07, "seed": 1234, "sr": 0.09155607498293242}}