{"returned_dict": {"loss": 10.547127616259198, "r2": -42.675586060337245, "status": "ok", "start_time": 1607968993.7291977, "duration": 0.6910650730133057}, "current_params": {"N": 500, "iss": 0.9, "leak": 0.003603793669360292, "ridge": 1e-07, "seed": 1234, "sr": 0.02799721569793766}}