{"returned_dict": {"loss": 10.533614949896966, "r2": -41.98216940303238, "status": "ok", "start_time": 1607968940.6552963, "duration": 0.661874532699585}, "current_params": {"N": 500, "iss": 0.9, "leak": 0.9339019817145408, "ridge": 1e-07, "seed": 1234, "sr": 0.019744948935792088}}