{"returned_dict": {"loss": 10.65171141194048, "r2": -41.23932950482309, "status": "ok", "start_time": 1607968995.9180853, "duration": 0.6892518997192383}, "current_params": {"N": 500, "iss": 0.9, "leak": 0.20696709796762014, "ridge": 1e-07, "seed": 1234, "sr": 0.04243919548863594}}