{"returned_dict": {"loss": 10.643987757198007, "r2": -41.63163135020941, "status": "ok", "start_time": 1607968854.4397354, "duration": 0.7128074169158936}, "current_params": {"N": 500, "iss": 0.9, "leak": 0.005058582479460112, "ridge": 1e-07, "seed": 1234, "sr": 5.220306019811675}}