{"returned_dict": {"loss": 10.66419968704007, "r2": -43.18333192453499, "status": "ok", "start_time": 1607968846.6386123, "duration": 0.6279330253601074}, "current_params": {"N": 500, "iss": 0.9, "leak": 0.0053928836416338695, "ridge": 1e-07, "seed": 1234, "sr": 0.025508526343081976}}