{"returned_dict": {"loss": 10.685382671580626, "r2": -42.39910789947289, "status": "ok", "start_time": 1607968811.143455, "duration": 0.752784013748169}, "current_params": {"N": 500, "iss": 0.9, "leak": 0.015242280865130645, "ridge": 1e-07, "seed": 1234, "sr": 2.714415259739502}}