{"returned_dict": {"loss": 10.697038824117032, "r2": -43.60417385239129, "status": "ok", "start_time": 1607968836.270641, "duration": 0.7315151691436768}, "current_params": {"N": 500, "iss": 0.9, "leak": 0.15956480886313845, "ridge": 1e-07, "seed": 1234, "sr": 2.2763515345474605}}