{"returned_dict": {"loss": 10.689184294546786, "r2": -44.47685902388264, "status": "ok", "start_time": 1607968918.7070944, "duration": 0.7245543003082275}, "current_params": {"N": 500, "iss": 0.9, "leak": 0.018255908548461704, "ridge": 1e-07, "seed": 1234, "sr": 1.716550179269602}}