{"returned_dict": {"loss": 10.621295327174364, "r2": -41.66292059455212, "status": "ok", "start_time": 1607968936.466056, "duration": 0.6915671825408936}, "current_params": {"N": 500, "iss": 0.9, "leak": 0.015582460088868159, "ridge": 1e-07, "seed": 1234, "sr": 2.5911139519180115}}