{"returned_dict": {"loss": 10.621135338234806, "r2": -46.17499825206005, "status": "ok", "start_time": 1607968517.5475824, "duration": 0.7275810241699219}, "current_params": {"N": 500, "iss": 0.9, "leak": 0.04608898686297316, "ridge": 1e-07, "seed": 1234, "sr": 8.829114619691198}}