{"returned_dict": {"loss": 10.685612024488305, "r2": -43.61917739007319, "status": "ok", "start_time": 1607968948.461555, "duration": 0.6509253978729248}, "current_params": {"N": 500, "iss": 0.9, "leak": 0.0050580462654360135, "ridge": 1e-07, "seed": 1234, "sr": 0.017010541986714416}}