{"returned_dict": {"loss": 10.6959694564797, "r2": -42.66471465503875, "status": "ok", "start_time": 1607968773.8770938, "duration": 0.5416934490203857}, "current_params": {"N": 500, "iss": 0.9, "leak": 0.12196066991182923, "ridge": 1e-07, "seed": 1234, "sr": 0.056947823901274244}}