{"returned_dict": {"loss": 10.743290181552432, "r2": -43.90621626170008, "status": "ok", "start_time": 1607968826.5082405, "duration": 0.7062516212463379}, "current_params": {"N": 500, "iss": 0.9, "leak": 0.0059949622645842195, "ridge": 1e-07, "seed": 1234, "sr": 0.017845208247313456}}