{"returned_dict": {"loss": 10.7434109854182, "r2": -43.8703172364501, "status": "ok", "start_time": 1607968862.2575166, "duration": 0.7394940853118896}, "current_params": {"N": 500, "iss": 0.9, "leak": 0.006653388665299396, "ridge": 1e-07, "seed": 1234, "sr": 3.210522257749807}}