{"returned_dict": {"loss": 10.700560177401703, "r2": -43.0381660729652, "status": "ok", "start_time": 1607968794.3559854, "duration": 0.7399656772613525}, "current_params": {"N": 500, "iss": 0.9, "leak": 0.00633096477265843, "ridge": 1e-07, "seed": 1234, "sr": 3.7002865818608868}}