{"returned_dict": {"loss": 10.721852019185539, "r2": -44.0138888150409, "status": "ok", "start_time": 1607968511.8577328, "duration": 0.7478086948394775}, "current_params": {"N": 500, "iss": 0.9, "leak": 0.0051307532624914375, "ridge": 1e-07, "seed": 1234, "sr": 0.010667755869635281}}