{"returned_dict": {"loss": 10.8205332285582, "r2": -44.009838059765265, "status": "ok", "start_time": 1607968885.7071104, "duration": 0.6996965408325195}, "current_params": {"N": 500, "iss": 0.9, "leak": 0.008714944842969965, "ridge": 1e-07, "seed": 1234, "sr": 0.018376527650583424}}