{"returned_dict": {"loss": 10.842094005569981, "r2": -43.38289484454989, "status": "ok", "start_time": 1607969013.0843017, "duration": 0.7379128932952881}, "current_params": {"N": 500, "iss": 0.9, "leak": 0.1386348274701688, "ridge": 1e-07, "seed": 1234, "sr": 0.08652271625243155}}