{"returned_dict": {"loss": 10.843108676783858, "r2": -44.06952186549316, "status": "ok", "start_time": 1607968474.0593243, "duration": 0.7412302494049072}, "current_params": {"N": 500, "iss": 0.9, "leak": 0.12135813764066156, "ridge": 1e-07, "seed": 1234, "sr": 0.0731838463030106}}