{"returned_dict": {"loss": 10.85993535182378, "r2": -44.76788955058223, "status": "ok", "start_time": 1607968920.1678271, "duration": 0.6536874771118164}, "current_params": {"N": 500, "iss": 0.9, "leak": 0.014270457728063339, "ridge": 1e-07, "seed": 1234, "sr": 4.002106061555943}}