{"returned_dict": {"loss": 10.80504127496313, "r2": -46.484469838688625, "status": "ok", "start_time": 1607968544.3095114, "duration": 0.7501037120819092}, "current_params": {"N": 500, "iss": 0.9, "leak": 0.017820845722566838, "ridge": 1e-07, "seed": 1234, "sr": 1.4931271168899853}}