{"returned_dict": {"loss": 10.93652266009538, "r2": -45.55153633786109, "status": "ok", "start_time": 1607968697.514092, "duration": 0.719684362411499}, "current_params": {"N": 500, "iss": 0.9, "leak": 0.0800705234333561, "ridge": 1e-07, "seed": 1234, "sr": 0.1155798441351317}}