{"returned_dict": {"loss": 10.958095464413077, "r2": -45.058832858538274, "status": "ok", "start_time": 1607968509.799901, "duration": 0.6940321922302246}, "current_params": {"N": 500, "iss": 0.9, "leak": 0.07436733417665214, "ridge": 1e-07, "seed": 1234, "sr": 0.2835506119229836}}