{"returned_dict": {"loss": 10.9302442482959, "r2": -45.23810858323578, "status": "ok", "start_time": 1607968860.9665897, "duration": 0.6803438663482666}, "current_params": {"N": 500, "iss": 0.9, "leak": 0.009171759389869968, "ridge": 1e-07, "seed": 1234, "sr": 0.012259625258127927}}