{"returned_dict": {"loss": 10.904511460730186, "r2": -44.222357259184044, "status": "ok", "start_time": 1607968731.9726262, "duration": 0.6168227195739746}, "current_params": {"N": 500, "iss": 0.9, "leak": 0.10677511652183821, "ridge": 1e-07, "seed": 1234, "sr": 0.1475710055576495}}