{"returned_dict": {"loss": 10.908638043291655, "r2": -45.730623980977555, "status": "ok", "start_time": 1607968965.7199516, "duration": 0.711622953414917}, "current_params": {"N": 500, "iss": 0.9, "leak": 0.012519979029131994, "ridge": 1e-07, "seed": 1234, "sr": 5.736693124076168}}