{"returned_dict": {"loss": 10.906936807133556, "r2": -44.944293126495076, "status": "ok", "start_time": 1607968878.0365272, "duration": 0.7102131843566895}, "current_params": {"N": 500, "iss": 0.9, "leak": 0.016015591459510772, "ridge": 1e-07, "seed": 1234, "sr": 3.8180606857023394}}