{"returned_dict": {"loss": 10.91897992874401, "r2": -54.61917498262094, "status": "ok", "start_time": 1607968916.58363, "duration": 0.717242956161499}, "current_params": {"N": 500, "iss": 0.9, "leak": 0.1959782156176976, "ridge": 1e-07, "seed": 1234, "sr": 3.158926213594062}}