{"returned_dict": {"loss": 11.097598580305322, "r2": -48.8384460479106, "status": "ok", "start_time": 1607968831.4003246, "duration": 0.6721715927124023}, "current_params": {"N": 500, "iss": 0.9, "leak": 0.00958807282677363, "ridge": 1e-07, "seed": 1234, "sr": 8.495368534430698}}