{"returned_dict": {"loss": 11.02938040500929, "r2": -46.23623170690752, "status": "ok", "start_time": 1607968789.3118443, "duration": 0.7025320529937744}, "current_params": {"N": 500, "iss": 0.9, "leak": 0.06532627418994771, "ridge": 1e-07, "seed": 1234, "sr": 0.31838384873464814}}