{"returned_dict": {"loss": 11.037392701685901, "r2": -58.35131329269351, "status": "ok", "start_time": 1607968899.7569664, "duration": 0.7140376567840576}, "current_params": {"N": 500, "iss": 0.9, "leak": 0.07241493591640556, "ridge": 1e-07, "seed": 1234, "sr": 5.444690445264874}}