{"returned_dict": {"loss": 11.025678556772371, "r2": -47.76363347810125, "status": "ok", "start_time": 1607968839.8242025, "duration": 0.7180500030517578}, "current_params": {"N": 500, "iss": 0.9, "leak": 0.008474944960102575, "ridge": 1e-07, "seed": 1234, "sr": 3.185528649784859}}