{"returned_dict": {"loss": 11.052682529413886, "r2": -47.32330753907297, "status": "ok", "start_time": 1607969027.958677, "duration": 0.7264256477355957}, "current_params": {"N": 500, "iss": 0.9, "leak": 0.04337164608666835, "ridge": 1e-07, "seed": 1234, "sr": 0.4483131335107368}}