{"returned_dict": {"loss": 11.071471486178195, "r2": -47.49443458661627, "status": "ok", "start_time": 1607968957.7339518, "duration": 0.723701000213623}, "current_params": {"N": 500, "iss": 0.9, "leak": 0.04544420794225144, "ridge": 1e-07, "seed": 1234, "sr": 0.43189990908165443}}