{"returned_dict": {"loss": 11.168154466272133, "r2": -48.71576548480741, "status": "ok", "start_time": 1607968763.3536873, "duration": 0.7416362762451172}, "current_params": {"N": 500, "iss": 0.9, "leak": 0.004367305932301285, "ridge": 1e-07, "seed": 1234, "sr": 9.29471245485356}}