{"returned_dict": {"loss": 11.12741713141825, "r2": -48.679198967166485, "status": "ok", "start_time": 1607969021.7741704, "duration": 0.5697128772735596}, "current_params": {"N": 500, "iss": 0.9, "leak": 0.011808519227010022, "ridge": 1e-07, "seed": 1234, "sr": 3.41404073281203}}