{"returned_dict": {"loss": 11.101663283309946, "r2": -56.65416830081688, "status": "ok", "start_time": 1607968913.6269176, "duration": 0.7376232147216797}, "current_params": {"N": 500, "iss": 0.9, "leak": 0.09124512214470511, "ridge": 1e-07, "seed": 1234, "sr": 9.967292688877457}}