{"returned_dict": {"loss": 11.239582276251838, "r2": -50.27697813085886, "status": "ok", "start_time": 1607968685.680928, "duration": 0.7004539966583252}, "current_params": {"N": 500, "iss": 0.9, "leak": 0.011897194666009081, "ridge": 1e-07, "seed": 1234, "sr": 4.339179954777633}}