{"returned_dict": {"loss": 11.309349229079503, "r2": -51.025679023420366, "status": "ok", "start_time": 1607968861.6543427, "duration": 0.5956811904907227}, "current_params": {"N": 500, "iss": 0.9, "leak": 0.005812486195749029, "ridge": 1e-07, "seed": 1234, "sr": 6.816295437108728}}