{"returned_dict": {"loss": 11.336352518513763, "r2": -51.31154913150047, "status": "ok", "start_time": 1607968837.7127101, "duration": 0.6070222854614258}, "current_params": {"N": 500, "iss": 0.9, "leak": 0.005684187741313224, "ridge": 1e-07, "seed": 1234, "sr": 6.822929521213343}}