{"returned_dict": {"loss": 11.370912222716887, "r2": -52.420397517479095, "status": "ok", "start_time": 1607968529.3569493, "duration": 0.6508255004882812}, "current_params": {"N": 500, "iss": 0.9, "leak": 0.010771121887845939, "ridge": 1e-07, "seed": 1234, "sr": 4.5243623980907195}}