{"returned_dict": {"loss": 11.443584915197286, "r2": -53.42106886871519, "status": "ok", "start_time": 1607968838.3274448, "duration": 0.7251238822937012}, "current_params": {"N": 500, "iss": 0.9, "leak": 0.00782226591646663, "ridge": 1e-07, "seed": 1234, "sr": 5.104859444819465}}