{"returned_dict": {"loss": 12.353687094572303, "r2": -77.35476644686393, "status": "ok", "start_time": 1607968708.1483338, "duration": 0.7063603401184082}, "current_params": {"N": 500, "iss": 0.9, "leak": 0.013872260024181887, "ridge": 1e-07, "seed": 1234, "sr": 7.738273573382969}}