{"returned_dict": {"loss": 2.5305724332585604, "r2": -2.266195337940362, "status": "ok", "start_time": 1614167543.8201592, "duration": 0.7460100650787354}, "current_params": {"N": 500, "iss": 0.9, "leak": 0.3146995319164893, "ridge": 1e-07, "seed": 1234, "sr": 0.2312614033209604}}