{"returned_dict": {"loss": 2.6182806787793993, "r2": -3.094434929927969, "status": "ok", "start_time": 1614167545.5603468, "duration": 0.9410252571105957}, "current_params": {"N": 500, "iss": 0.9, "leak": 0.44662788252242785, "ridge": 1e-07, "seed": 1234, "sr": 3.252108800594491}}