{"returned_dict": {"loss": 6.941580683264401, "r2": -414.7300593737121, "status": "ok", "start_time": 1607969007.5623465, "duration": 0.7320866584777832}, "current_params": {"N": 500, "iss": 0.9, "leak": 0.9215598229855771, "ridge": 1e-07, "seed": 1234, "sr": 6.364043001507627}}