{"returned_dict": {"loss": 8.025611390920721, "r2": -19.38705142381485, "status": "ok", "start_time": 1607968506.9048553, "duration": 0.719679594039917}, "current_params": {"N": 500, "iss": 0.9, "leak": 0.23293593097679866, "ridge": 1e-07, "seed": 1234, "sr": 3.951321250210856}}