{"returned_dict": {"loss": 8.413232021297246, "r2": -24.04902731778117, "status": "ok", "start_time": 1607968880.040517, "duration": 0.6462101936340332}, "current_params": {"N": 500, "iss": 0.9, "leak": 0.3030542394303128, "ridge": 1e-07, "seed": 1234, "sr": 1.173866887223542}}