{"returned_dict": {"loss": 8.463303690249516, "r2": -25.94301744511499, "status": "ok", "start_time": 1607968684.2438068, "duration": 0.7186298370361328}, "current_params": {"N": 500, "iss": 0.9, "leak": 0.12643413272636253, "ridge": 1e-07, "seed": 1234, "sr": 7.352481813242614}}