{"returned_dict": {"loss": 8.55909673914713, "r2": -22.395819828954583, "status": "ok", "start_time": 1607968968.7271907, "duration": 0.7815132141113281}, "current_params": {"N": 500, "iss": 0.9, "leak": 0.868197768062053, "ridge": 1e-07, "seed": 1234, "sr": 0.29772641726914373}}