{"returned_dict": {"loss": 8.571073618092369, "r2": -21.267764188628302, "status": "ok", "start_time": 1607968559.21441, "duration": 0.7148935794830322}, "current_params": {"N": 500, "iss": 0.9, "leak": 0.40568761600817965, "ridge": 1e-07, "seed": 1234, "sr": 1.3025479818244292}}