{"returned_dict": {"loss": 8.607222444341135, "r2": -23.733010031122266, "status": "ok", "start_time": 1607968683.5420742, "duration": 0.6919798851013184}, "current_params": {"N": 500, "iss": 0.9, "leak": 0.5754766135782287, "ridge": 1e-07, "seed": 1234, "sr": 0.4267850550142991}}