{"returned_dict": {"loss": 8.663635690495955, "r2": -23.101346663474065, "status": "ok", "start_time": 1607968956.2269769, "duration": 0.7518281936645508}, "current_params": {"N": 500, "iss": 0.9, "leak": 0.9523146063909639, "ridge": 1e-07, "seed": 1234, "sr": 0.3011667388495193}}