{"returned_dict": {"loss": 8.716006646109811, "r2": -23.98798077179387, "status": "ok", "start_time": 1607968979.6342878, "duration": 0.5938923358917236}, "current_params": {"N": 500, "iss": 0.9, "leak": 0.066076554358868, "ridge": 1e-07, "seed": 1234, "sr": 4.526948985124206}}