{"returned_dict": {"loss": 8.837673842670311, "r2": -25.349926289386048, "status": "ok", "start_time": 1607968535.6550274, "duration": 0.738614559173584}, "current_params": {"N": 500, "iss": 0.9, "leak": 0.6982563894767324, "ridge": 1e-07, "seed": 1234, "sr": 0.19592095705456516}}