{"returned_dict": {"loss": 8.85488150250513, "r2": -25.219779393686853, "status": "ok", "start_time": 1607968905.3509536, "duration": 0.6987974643707275}, "current_params": {"N": 500, "iss": 0.9, "leak": 0.7632124945249888, "ridge": 1e-07, "seed": 1234, "sr": 0.4982712790401905}}