{"returned_dict": {"loss": 8.862610775324393, "r2": -26.541704448786117, "status": "ok", "start_time": 1607968819.03883, "duration": 0.6580955982208252}, "current_params": {"N": 500, "iss": 0.9, "leak": 0.05717269867888146, "ridge": 1e-07, "seed": 1234, "sr": 0.024372294331470486}}