{"returned_dict": {"loss": 8.863867908029459, "r2": -26.02343618931336, "status": "ok", "start_time": 1607968566.0703902, "duration": 0.7453935146331787}, "current_params": {"N": 500, "iss": 0.9, "leak": 0.03819116104755651, "ridge": 1e-07, "seed": 1234, "sr": 0.04710540576664577}}