{"returned_dict": {"loss": 8.8647864757093, "r2": -25.996087236951983, "status": "ok", "start_time": 1607968820.3367383, "duration": 0.7496128082275391}, "current_params": {"N": 500, "iss": 0.9, "leak": 0.037290800961007155, "ridge": 1e-07, "seed": 1234, "sr": 0.04898013236463855}}