{"returned_dict": {"loss": 8.892528962987917, "r2": -25.546175727798794, "status": "ok", "start_time": 1607969010.2365189, "duration": 0.6031022071838379}, "current_params": {"N": 500, "iss": 0.9, "leak": 0.05890520511162444, "ridge": 1e-07, "seed": 1234, "sr": 1.176995107001843}}