{"returned_dict": {"loss": 8.907659672854505, "r2": -160.60177190607502, "status": "ok", "start_time": 1607968855.1567235, "duration": 0.7443654537200928}, "current_params": {"N": 500, "iss": 0.9, "leak": 0.9804199547168113, "ridge": 1e-07, "seed": 1234, "sr": 8.327095791214502}}