{"returned_dict": {"loss": 8.918673559170008, "r2": -24.935196403635384, "status": "ok", "start_time": 1607968780.2261987, "duration": 0.7068037986755371}, "current_params": {"N": 500, "iss": 0.9, "leak": 0.055344077756155755, "ridge": 1e-07, "seed": 1234, "sr": 1.087176237228812}}