{"returned_dict": {"loss": 8.934010153092226, "r2": -27.21585693678749, "status": "ok", "start_time": 1607968736.8681135, "duration": 0.7056694030761719}, "current_params": {"N": 500, "iss": 0.9, "leak": 0.1710308169604147, "ridge": 1e-07, "seed": 1234, "sr": 1.4300867589590491}}