{"returned_dict": {"loss": 8.95122542995463, "r2": -26.829226362408715, "status": "ok", "start_time": 1607968714.677309, "duration": 0.7363247871398926}, "current_params": {"N": 500, "iss": 0.9, "leak": 0.024246651959846842, "ridge": 1e-07, "seed": 1234, "sr": 0.046062848728203036}}