{"returned_dict": {"loss": 8.968903612527305, "r2": -28.049257378619103, "status": "ok", "start_time": 1607969003.3832994, "duration": 0.6711220741271973}, "current_params": {"N": 500, "iss": 0.9, "leak": 0.16498913045651112, "ridge": 1e-07, "seed": 1234, "sr": 1.3026513501391963}}