{"returned_dict": {"loss": 8.961667050497264, "r2": -27.09346539677871, "status": "ok", "start_time": 1607968750.9292257, "duration": 0.644798755645752}, "current_params": {"N": 500, "iss": 0.9, "leak": 0.06706922217342695, "ridge": 1e-07, "seed": 1234, "sr": 0.029526302593571762}}