{"returned_dict": {"loss": 8.977874219590879, "r2": -26.4002823466534, "status": "ok", "start_time": 1607968539.1226423, "duration": 0.7434597015380859}, "current_params": {"N": 500, "iss": 0.9, "leak": 0.035738555811350325, "ridge": 1e-07, "seed": 1234, "sr": 0.07516608271700335}}