{"returned_dict": {"loss": 9.004788011905575, "r2": -26.530157400244395, "status": "ok", "start_time": 1607968923.812079, "duration": 0.7669649124145508}, "current_params": {"N": 500, "iss": 0.9, "leak": 0.029639578563110613, "ridge": 1e-07, "seed": 1234, "sr": 0.09250698941460729}}