{"returned_dict": {"loss": 9.002990064474405, "r2": -28.03679317165496, "status": "ok", "start_time": 1607969026.4755073, "duration": 0.773432731628418}, "current_params": {"N": 500, "iss": 0.9, "leak": 0.08695123004445045, "ridge": 1e-07, "seed": 1234, "sr": 3.1103414377132026}}