{"returned_dict": {"loss": 9.024603552472282, "r2": -25.44704877964348, "status": "ok", "start_time": 1607968871.3309681, "duration": 0.7691898345947266}, "current_params": {"N": 500, "iss": 0.9, "leak": 0.04334920643873208, "ridge": 1e-07, "seed": 1234, "sr": 1.3726695008335563}}