{"returned_dict": {"loss": 9.043662994319888, "r2": -26.79379760014433, "status": "ok", "start_time": 1607969006.8778503, "duration": 0.6741306781768799}, "current_params": {"N": 500, "iss": 0.9, "leak": 0.03272064683242338, "ridge": 1e-07, "seed": 1234, "sr": 0.09120225038255891}}