{"returned_dict": {"loss": 9.046406902366373, "r2": -27.698008555377857, "status": "ok", "start_time": 1607969028.6920288, "duration": 0.7253921031951904}, "current_params": {"N": 500, "iss": 0.9, "leak": 0.1079186153203305, "ridge": 1e-07, "seed": 1234, "sr": 0.010628001292962897}}