{"returned_dict": {"loss": 9.05871616522488, "r2": -28.61949103353986, "status": "ok", "start_time": 1607968755.577844, "duration": 0.7279198169708252}, "current_params": {"N": 500, "iss": 0.9, "leak": 0.1045169391717913, "ridge": 1e-07, "seed": 1234, "sr": 2.0782245270883446}}