{"returned_dict": {"loss": 9.09918506973605, "r2": -35.26159013264796, "status": "ok", "start_time": 1607968479.5007994, "duration": 0.6497325897216797}, "current_params": {"N": 500, "iss": 0.9, "leak": 0.1299423767821726, "ridge": 1e-07, "seed": 1234, "sr": 3.0974005025314746}}