{"returned_dict": {"loss": 9.107686070751678, "r2": -27.286499883275884, "status": "ok", "start_time": 1607968909.5528479, "duration": 0.6420798301696777}, "current_params": {"N": 500, "iss": 0.9, "leak": 0.019854254525207598, "ridge": 1e-07, "seed": 1234, "sr": 0.11380130879302895}}