{"returned_dict": {"loss": 9.1092931100408, "r2": -28.329613370880228, "status": "ok", "start_time": 1607968829.9357905, "duration": 0.7171869277954102}, "current_params": {"N": 500, "iss": 0.9, "leak": 0.4097089174880771, "ridge": 1e-07, "seed": 1234, "sr": 0.5593933629496446}}