{"returned_dict": {"loss": 9.104421386060745, "r2": -27.23228708876646, "status": "ok", "start_time": 1607968802.3187556, "duration": 0.7440366744995117}, "current_params": {"N": 500, "iss": 0.9, "leak": 0.02145285916444013, "ridge": 1e-07, "seed": 1234, "sr": 0.11745188619626984}}