{"returned_dict": {"loss": 9.118623995134312, "r2": -42.275095709911724, "status": "ok", "start_time": 1607968833.522728, "duration": 0.734403133392334}, "current_params": {"N": 500, "iss": 0.9, "leak": 0.8013366543435683, "ridge": 1e-07, "seed": 1234, "sr": 2.6136426698752477}}