{"returned_dict": {"loss": 9.146155863491048, "r2": -27.508943896504785, "status": "ok", "start_time": 1607968943.5033092, "duration": 0.7200920581817627}, "current_params": {"N": 500, "iss": 0.9, "leak": 0.030040984137887024, "ridge": 1e-07, "seed": 1234, "sr": 0.11263506647237731}}