{"returned_dict": {"loss": 9.15729579465419, "r2": -27.418099795829466, "status": "ok", "start_time": 1607968837.0158052, "duration": 0.6894350051879883}, "current_params": {"N": 500, "iss": 0.9, "leak": 0.4443334874690805, "ridge": 1e-07, "seed": 1234, "sr": 1.1918936251601586}}