{"returned_dict": {"loss": 9.167237321934039, "r2": -28.44326523092238, "status": "ok", "start_time": 1607968984.4522514, "duration": 0.7355704307556152}, "current_params": {"N": 500, "iss": 0.9, "leak": 0.018972600370856522, "ridge": 1e-07, "seed": 1234, "sr": 0.043853058951419936}}