{"returned_dict": {"loss": 9.219543917629354, "r2": -28.963200336570328, "status": "ok", "start_time": 1607968929.8513432, "duration": 0.763038158416748}, "current_params": {"N": 500, "iss": 0.9, "leak": 0.028552964753447676, "ridge": 1e-07, "seed": 1234, "sr": 0.02424351033615214}}