{"returned_dict": {"loss": 9.232060185687013, "r2": -28.932298344392745, "status": "ok", "start_time": 1607968782.292857, "duration": 0.7245192527770996}, "current_params": {"N": 500, "iss": 0.9, "leak": 0.01844106442529196, "ridge": 1e-07, "seed": 1234, "sr": 0.042289475292774874}}