{"returned_dict": {"loss": 9.267077490936954, "r2": -30.895924101352353, "status": "ok", "start_time": 1607968827.8418133, "duration": 0.6149368286132812}, "current_params": {"N": 500, "iss": 0.9, "leak": 0.09852800576358284, "ridge": 1e-07, "seed": 1234, "sr": 1.684327513724516}}