{"returned_dict": {"loss": 9.260533888519454, "r2": -29.864803758457413, "status": "ok", "start_time": 1607968596.942434, "duration": 0.7369861602783203}, "current_params": {"N": 500, "iss": 0.9, "leak": 0.5332246009820979, "ridge": 1e-07, "seed": 1234, "sr": 1.0694719504752048}}