{"returned_dict": {"loss": 9.275965710932196, "r2": -30.91574929430259, "status": "ok", "start_time": 1607968465.4261987, "duration": 0.7337114810943604}, "current_params": {"N": 500, "iss": 0.9, "leak": 0.6578232405415433, "ridge": 1e-07, "seed": 1234, "sr": 1.592516915160352}}