{"returned_dict": {"loss": 9.294258419666528, "r2": -29.310823597720134, "status": "ok", "start_time": 1607969011.571246, "duration": 0.8180835247039795}, "current_params": {"N": 500, "iss": 0.9, "leak": 0.13251317510049881, "ridge": 1e-07, "seed": 1234, "sr": 0.01189498109001254}}