{"returned_dict": {"loss": 9.31263425129243, "r2": -28.988664971572106, "status": "ok", "start_time": 1607968971.4400432, "duration": 0.8103854656219482}, "current_params": {"N": 500, "iss": 0.9, "leak": 0.05089940535656421, "ridge": 1e-07, "seed": 1234, "sr": 0.0677969888509458}}