{"returned_dict": {"loss": 9.321888032631177, "r2": -29.624376001489097, "status": "ok", "start_time": 1607969004.7711935, "duration": 0.636460542678833}, "current_params": {"N": 500, "iss": 0.9, "leak": 0.018912832306336978, "ridge": 1e-07, "seed": 1234, "sr": 0.03737389215104382}}