{"returned_dict": {"loss": 9.323624090616791, "r2": -29.63358849233558, "status": "ok", "start_time": 1607968729.3651898, "duration": 0.6531887054443359}, "current_params": {"N": 500, "iss": 0.9, "leak": 0.018388432405385867, "ridge": 1e-07, "seed": 1234, "sr": 0.038716281706484654}}