{"returned_dict": {"loss": 9.331869943468265, "r2": -29.934894650856013, "status": "ok", "start_time": 1607968587.8147008, "duration": 0.7095673084259033}, "current_params": {"N": 500, "iss": 0.9, "leak": 0.03453620213373522, "ridge": 1e-07, "seed": 1234, "sr": 0.016337742728312003}}