{"returned_dict": {"loss": 9.360785189404877, "r2": -29.993517857762853, "status": "ok", "start_time": 1607968721.1147132, "duration": 0.7131533622741699}, "current_params": {"N": 500, "iss": 0.9, "leak": 0.11086917140789496, "ridge": 1e-07, "seed": 1234, "sr": 0.01951295246863023}}