{"returned_dict": {"loss": 9.367253874833878, "r2": -30.688518673300365, "status": "ok", "start_time": 1607968821.7234476, "duration": 0.7437992095947266}, "current_params": {"N": 500, "iss": 0.9, "leak": 0.7550185147677635, "ridge": 1e-07, "seed": 1234, "sr": 0.10177438095370955}}