{"returned_dict": {"loss": 9.376707708385826, "r2": -36.103912253908945, "status": "ok", "start_time": 1607968552.3480885, "duration": 0.6511569023132324}, "current_params": {"N": 500, "iss": 0.9, "leak": 0.2637266726038047, "ridge": 1e-07, "seed": 1234, "sr": 5.6735134767868365}}