{"returned_dict": {"loss": 9.374935439967578, "r2": -29.481241616053524, "status": "ok", "start_time": 1607968760.6555262, "duration": 0.5586948394775391}, "current_params": {"N": 500, "iss": 0.9, "leak": 0.05194249985814881, "ridge": 1e-07, "seed": 1234, "sr": 0.06914046924551528}}