{"returned_dict": {"loss": 9.382050887123876, "r2": -32.56888021022274, "status": "ok", "start_time": 1607969025.7846053, "duration": 0.6768200397491455}, "current_params": {"N": 500, "iss": 0.9, "leak": 0.29778701076781483, "ridge": 1e-07, "seed": 1234, "sr": 2.8770464256018027}}