{"returned_dict": {"loss": 9.38519417585897, "r2": -29.463777503015834, "status": "ok", "start_time": 1607968879.4365976, "duration": 0.5963726043701172}, "current_params": {"N": 500, "iss": 0.9, "leak": 0.010164416543640623, "ridge": 1e-07, "seed": 1234, "sr": 0.15542773312411276}}