{"returned_dict": {"loss": 9.385043025215888, "r2": -29.446909333821157, "status": "ok", "start_time": 1607968950.4727345, "duration": 0.7214353084564209}, "current_params": {"N": 500, "iss": 0.9, "leak": 0.010309925171666222, "ridge": 1e-07, "seed": 1234, "sr": 0.1560381237277297}}