{"returned_dict": {"loss": 9.401124324971915, "r2": -30.97165997271885, "status": "ok", "start_time": 1607968709.632412, "duration": 0.7073771953582764}, "current_params": {"N": 500, "iss": 0.9, "leak": 0.8108730659545863, "ridge": 1e-07, "seed": 1234, "sr": 0.0848624452106363}}