{"returned_dict": {"loss": 9.403432044475354, "r2": -30.463640198371383, "status": "ok", "start_time": 1607968989.5923567, "duration": 0.5743787288665771}, "current_params": {"N": 500, "iss": 0.9, "leak": 0.0937487675122594, "ridge": 1e-07, "seed": 1234, "sr": 0.027904325356743826}}