{"returned_dict": {"loss": 9.415546948778706, "r2": -29.434053364177768, "status": "ok", "start_time": 1607968698.243799, "duration": 0.7035882472991943}, "current_params": {"N": 500, "iss": 0.9, "leak": 0.08915216588072593, "ridge": 1e-07, "seed": 1234, "sr": 0.8994165484450635}}