{"returned_dict": {"loss": 9.410061556692858, "r2": -29.496838190645644, "status": "ok", "start_time": 1607968912.156195, "duration": 0.6950235366821289}, "current_params": {"N": 500, "iss": 0.9, "leak": 0.01559168269183744, "ridge": 1e-07, "seed": 1234, "sr": 0.19494691922008267}}