{"returned_dict": {"loss": 9.421969807243345, "r2": -30.433257452303675, "status": "ok", "start_time": 1607968721.8320985, "duration": 0.6152899265289307}, "current_params": {"N": 500, "iss": 0.9, "leak": 0.023013474065282417, "ridge": 1e-07, "seed": 1234, "sr": 0.026377543222480395}}