{"returned_dict": {"loss": 9.426479955101586, "r2": -38.28908769946472, "status": "ok", "start_time": 1607968462.6305125, "duration": 0.7090499401092529}, "current_params": {"N": 500, "iss": 0.9, "leak": 0.44662788252242785, "ridge": 1e-07, "seed": 1234, "sr": 3.252108800594491}}