{"returned_dict": {"loss": 9.447430189336346, "r2": -28.936969276930615, "status": "ok", "start_time": 1607969008.299593, "duration": 0.6988718509674072}, "current_params": {"N": 500, "iss": 0.9, "leak": 0.10681252694181313, "ridge": 1e-07, "seed": 1234, "sr": 0.6880093649147893}}