{"returned_dict": {"loss": 9.471244237282715, "r2": -30.559521470250186, "status": "ok", "start_time": 1607968463.343178, "duration": 0.7150061130523682}, "current_params": {"N": 500, "iss": 0.9, "leak": 0.5703843027403085, "ridge": 1e-07, "seed": 1234, "sr": 0.2160217783087771}}