{"returned_dict": {"loss": 9.487490508315442, "r2": -30.154379499605863, "status": "ok", "start_time": 1607968942.8300064, "duration": 0.6572971343994141}, "current_params": {"N": 500, "iss": 0.9, "leak": 0.009176295421781576, "ridge": 1e-07, "seed": 1234, "sr": 0.19235594527039654}}