{"returned_dict": {"loss": 9.49158312357516, "r2": -29.415617700671344, "status": "ok", "start_time": 1607968564.0179124, "duration": 0.7276177406311035}, "current_params": {"N": 500, "iss": 0.9, "leak": 0.025338311212760523, "ridge": 1e-07, "seed": 1234, "sr": 1.8369128627565727}}