{"returned_dict": {"loss": 9.492293574199303, "r2": -30.90880229372107, "status": "ok", "start_time": 1607968954.8095531, "duration": 0.6625053882598877}, "current_params": {"N": 500, "iss": 0.9, "leak": 0.012452534840833952, "ridge": 1e-07, "seed": 1234, "sr": 0.05603993175323896}}