{"returned_dict": {"loss": 9.510787839745866, "r2": -30.837059081695447, "status": "ok", "start_time": 1607968939.3002634, "duration": 0.6063706874847412}, "current_params": {"N": 500, "iss": 0.9, "leak": 0.1646220985251246, "ridge": 1e-07, "seed": 1234, "sr": 0.010202869493565222}}