{"returned_dict": {"loss": 9.515745538993864, "r2": -31.438571659417647, "status": "ok", "start_time": 1607968929.0789356, "duration": 0.7599775791168213}, "current_params": {"N": 500, "iss": 0.9, "leak": 0.03701945148438863, "ridge": 1e-07, "seed": 1234, "sr": 0.011845882888391775}}