{"returned_dict": {"loss": 9.51958462688605, "r2": -30.488689525669297, "status": "ok", "start_time": 1607968912.858996, "duration": 0.7541708946228027}, "current_params": {"N": 500, "iss": 0.9, "leak": 0.008042538347069162, "ridge": 1e-07, "seed": 1234, "sr": 0.20409441252371024}}