{"returned_dict": {"loss": 9.518729525124195, "r2": -36.1455439810672, "status": "ok", "start_time": 1607968747.3468823, "duration": 0.7216329574584961}, "current_params": {"N": 500, "iss": 0.9, "leak": 0.060305003553219785, "ridge": 1e-07, "seed": 1234, "sr": 4.727952892864512}}