{"returned_dict": {"loss": 9.534597069385995, "r2": -31.143990127950797, "status": "ok", "start_time": 1607968687.7853138, "duration": 0.701451301574707}, "current_params": {"N": 500, "iss": 0.9, "leak": 0.5793555678830459, "ridge": 1e-07, "seed": 1234, "sr": 0.8148958278279287}}