{"returned_dict": {"loss": 9.541404195295652, "r2": -31.861369074025614, "status": "ok", "start_time": 1607968540.6158483, "duration": 0.7055196762084961}, "current_params": {"N": 500, "iss": 0.9, "leak": 0.3060271214421785, "ridge": 1e-07, "seed": 1234, "sr": 0.6176337434012683}}