{"returned_dict": {"loss": 9.541736065845019, "r2": -31.523004528622963, "status": "ok", "start_time": 1607968858.710064, "duration": 0.8364598751068115}, "current_params": {"N": 500, "iss": 0.9, "leak": 0.5768737850342269, "ridge": 1e-07, "seed": 1234, "sr": 0.8343631809684685}}