{"returned_dict": {"loss": 9.556975668672678, "r2": -31.45244033420421, "status": "ok", "start_time": 1607968901.8243163, "duration": 0.8030171394348145}, "current_params": {"N": 500, "iss": 0.9, "leak": 0.5939136131398287, "ridge": 1e-07, "seed": 1234, "sr": 0.8090787684209534}}