{"returned_dict": {"loss": 9.566383765202005, "r2": -31.447452294510885, "status": "ok", "start_time": 1607968695.332768, "duration": 0.7245173454284668}, "current_params": {"N": 500, "iss": 0.9, "leak": 0.008200442208777201, "ridge": 1e-07, "seed": 1234, "sr": 0.09801470785026892}}