{"returned_dict": {"loss": 9.56833130155875, "r2": -31.366289593935537, "status": "ok", "start_time": 1607968925.3881204, "duration": 0.6756865978240967}, "current_params": {"N": 500, "iss": 0.9, "leak": 0.05465944078455084, "ridge": 1e-07, "seed": 1234, "sr": 1.764420981065562}}