{"returned_dict": {"loss": 9.594016239632204, "r2": -30.935564429286348, "status": "ok", "start_time": 1607969022.3570511, "duration": 0.7158880233764648}, "current_params": {"N": 500, "iss": 0.9, "leak": 0.00804944641619397, "ridge": 1e-07, "seed": 1234, "sr": 0.24360710886704473}}