{"returned_dict": {"loss": 9.592451273107088, "r2": -31.829830769470593, "status": "ok", "start_time": 1607968554.342522, "duration": 0.752934455871582}, "current_params": {"N": 500, "iss": 0.9, "leak": 0.12092087628326034, "ridge": 1e-07, "seed": 1234, "sr": 0.02090605444269775}}