{"returned_dict": {"loss": 9.60922005534625, "r2": -31.103958444237133, "status": "ok", "start_time": 1607968832.8018162, "duration": 0.7136111259460449}, "current_params": {"N": 500, "iss": 0.9, "leak": 0.012178764374196488, "ridge": 1e-07, "seed": 1234, "sr": 0.28859144173366613}}