{"returned_dict": {"loss": 9.636662886496485, "r2": -30.24863254680446, "status": "ok", "start_time": 1607968848.6598163, "duration": 0.7135899066925049}, "current_params": {"N": 500, "iss": 0.9, "leak": 0.0721090382906691, "ridge": 1e-07, "seed": 1234, "sr": 0.6661369237228109}}