{"returned_dict": {"loss": 9.657687484661972, "r2": -39.687792630117904, "status": "ok", "start_time": 1607968743.4363708, "duration": 0.7774229049682617}, "current_params": {"N": 500, "iss": 0.9, "leak": 0.24750223720983966, "ridge": 1e-07, "seed": 1234, "sr": 8.074918225639715}}