{"returned_dict": {"loss": 9.651047317438298, "r2": -34.4834624301221, "status": "ok", "start_time": 1607968930.6259537, "duration": 0.7171065807342529}, "current_params": {"N": 500, "iss": 0.9, "leak": 0.02418473308336017, "ridge": 1e-07, "seed": 1234, "sr": 9.579028146092936}}