{"returned_dict": {"loss": 9.656633127018111, "r2": -32.22062120008268, "status": "ok", "start_time": 1607968839.0620615, "duration": 0.7515170574188232}, "current_params": {"N": 500, "iss": 0.9, "leak": 0.006770301602588808, "ridge": 1e-07, "seed": 1234, "sr": 0.12105510389166496}}