{"returned_dict": {"loss": 9.666899372620703, "r2": -30.57804917487705, "status": "ok", "start_time": 1607968999.5678115, "duration": 0.727292537689209}, "current_params": {"N": 500, "iss": 0.9, "leak": 0.14219031671629834, "ridge": 1e-07, "seed": 1234, "sr": 0.5599396405139856}}