{"returned_dict": {"loss": 9.67470470571238, "r2": -32.507650370677375, "status": "ok", "start_time": 1607968864.4739068, "duration": 0.7180662155151367}, "current_params": {"N": 500, "iss": 0.9, "leak": 0.02698453066886677, "ridge": 1e-07, "seed": 1234, "sr": 0.016916183503674298}}