{"returned_dict": {"loss": 9.678281403621304, "r2": -32.43441166626678, "status": "ok", "start_time": 1607969004.0610743, "duration": 0.7034478187561035}, "current_params": {"N": 500, "iss": 0.9, "leak": 0.01625760522413244, "ridge": 1e-07, "seed": 1234, "sr": 0.033909049524007175}}