{"returned_dict": {"loss": 9.683124935416574, "r2": -31.993288376657347, "status": "ok", "start_time": 1607968536.3967602, "duration": 0.7071471214294434}, "current_params": {"N": 500, "iss": 0.9, "leak": 0.023840673550508087, "ridge": 1e-07, "seed": 1234, "sr": 0.2486062943480083}}