{"returned_dict": {"loss": 9.683175939211788, "r2": -36.741050990844556, "status": "ok", "start_time": 1607968980.239919, "duration": 0.7037596702575684}, "current_params": {"N": 500, "iss": 0.9, "leak": 0.05362091874218228, "ridge": 1e-07, "seed": 1234, "sr": 4.498542971085962}}