{"returned_dict": {"loss": 9.701430535186956, "r2": -30.648047670021253, "status": "ok", "start_time": 1607968472.0112157, "duration": 0.6176803112030029}, "current_params": {"N": 500, "iss": 0.9, "leak": 0.08318212383373645, "ridge": 1e-07, "seed": 1234, "sr": 0.5624809998605684}}