{"returned_dict": {"loss": 9.702126139265914, "r2": -32.25596717203258, "status": "ok", "start_time": 1607968906.7714207, "duration": 0.6141014099121094}, "current_params": {"N": 500, "iss": 0.9, "leak": 0.014984679505258218, "ridge": 1e-07, "seed": 1234, "sr": 0.3919776289741181}}