{"returned_dict": {"loss": 9.716752032457675, "r2": -32.76212916301088, "status": "ok", "start_time": 1607968793.6361141, "duration": 0.7128560543060303}, "current_params": {"N": 500, "iss": 0.9, "leak": 0.009119825035770707, "ridge": 1e-07, "seed": 1234, "sr": 0.07030945715241332}}