{"returned_dict": {"loss": 9.732429235377573, "r2": -32.11647318655178, "status": "ok", "start_time": 1607968959.2774458, "duration": 0.7197060585021973}, "current_params": {"N": 500, "iss": 0.9, "leak": 0.009674009241639718, "ridge": 1e-07, "seed": 1234, "sr": 0.4068998260513815}}