{"returned_dict": {"loss": 9.739655923973082, "r2": -33.25275784642573, "status": "ok", "start_time": 1607968523.1624687, "duration": 0.6192924976348877}, "current_params": {"N": 500, "iss": 0.9, "leak": 0.016173219263084865, "ridge": 1e-07, "seed": 1234, "sr": 0.7501524897213601}}