{"returned_dict": {"loss": 9.739613024435917, "r2": -32.025683589056776, "status": "ok", "start_time": 1607968534.2134175, "duration": 0.7197628021240234}, "current_params": {"N": 500, "iss": 0.9, "leak": 0.008398317281101665, "ridge": 1e-07, "seed": 1234, "sr": 0.3798456733740158}}