{"returned_dict": {"loss": 9.768150101447752, "r2": -32.94485086516776, "status": "ok", "start_time": 1607968738.9678955, "duration": 0.8948960304260254}, "current_params": {"N": 500, "iss": 0.9, "leak": 0.004185416123530299, "ridge": 1e-07, "seed": 1234, "sr": 0.4276808972729539}}