{"returned_dict": {"loss": 9.767745544021063, "r2": -32.41476055674963, "status": "ok", "start_time": 1607968865.196375, "duration": 0.7307322025299072}, "current_params": {"N": 500, "iss": 0.9, "leak": 0.25547833941665155, "ridge": 1e-07, "seed": 1234, "sr": 0.24722374058696234}}