{"returned_dict": {"loss": 9.76733240782022, "r2": -33.13309569123841, "status": "ok", "start_time": 1607968914.3757145, "duration": 0.7106049060821533}, "current_params": {"N": 500, "iss": 0.9, "leak": 0.0038352167983694394, "ridge": 1e-07, "seed": 1234, "sr": 0.4283269133353694}}