{"returned_dict": {"loss": 9.776909964697657, "r2": -32.72489500174806, "status": "ok", "start_time": 1607968890.448574, "duration": 0.7268683910369873}, "current_params": {"N": 500, "iss": 0.9, "leak": 0.009661240705376665, "ridge": 1e-07, "seed": 1234, "sr": 0.6378859445133795}}