{"returned_dict": {"loss": 9.786478285797351, "r2": -34.47233715840068, "status": "ok", "start_time": 1607968896.2496955, "duration": 0.6866152286529541}, "current_params": {"N": 500, "iss": 0.9, "leak": 0.001327416829284121, "ridge": 1e-07, "seed": 1234, "sr": 2.119197173006944}}