{"returned_dict": {"loss": 9.79777620818941, "r2": -32.5917925385967, "status": "ok", "start_time": 1607968707.411597, "duration": 0.7266185283660889}, "current_params": {"N": 500, "iss": 0.9, "leak": 0.0058924881338920185, "ridge": 1e-07, "seed": 1234, "sr": 0.4356147143033103}}