{"returned_dict": {"loss": 9.79777620818941, "r2": -32.5917925385967, "status": "ok", "start_time": 1607968490.7662427, "duration": 0.6691064834594727}, "current_params": {"N": 500, "iss": 0.9, "leak": 0.0058924881338920185, "ridge": 1e-07, "seed": 1234, "sr": 0.4356147143033103}}