{"returned_dict": {"loss": 9.791735831577974, "r2": -33.17855635086894, "status": "ok", "start_time": 1607968742.7325997, "duration": 0.7005927562713623}, "current_params": {"N": 500, "iss": 0.9, "leak": 0.17218043678321832, "ridge": 1e-07, "seed": 1234, "sr": 0.013447367485272664}}