{"returned_dict": {"loss": 9.804786692366564, "r2": -33.627031933730734, "status": "ok", "start_time": 1607968528.6878378, "duration": 0.6611063480377197}, "current_params": {"N": 500, "iss": 0.9, "leak": 0.018996830697716578, "ridge": 1e-07, "seed": 1234, "sr": 0.5461390155970698}}