{"returned_dict": {"loss": 9.810107773771742, "r2": -37.39679418147215, "status": "ok", "start_time": 1607968547.8906095, "duration": 0.707970380783081}, "current_params": {"N": 500, "iss": 0.9, "leak": 0.3574939141954447, "ridge": 1e-07, "seed": 1234, "sr": 2.2250148779494032}}