{"returned_dict": {"loss": 9.819972673809758, "r2": -34.029038001288065, "status": "ok", "start_time": 1607968892.6215818, "duration": 0.6724112033843994}, "current_params": {"N": 500, "iss": 0.9, "leak": 0.0032785642316227217, "ridge": 1e-07, "seed": 1234, "sr": 0.3813414612173023}}