{"returned_dict": {"loss": 9.828236253684642, "r2": -32.87711338214908, "status": "ok", "start_time": 1607968766.0948725, "duration": 0.7105820178985596}, "current_params": {"N": 500, "iss": 0.9, "leak": 0.005481446223512517, "ridge": 1e-07, "seed": 1234, "sr": 0.48729150721539294}}