{"returned_dict": {"loss": 9.83893605626879, "r2": -33.15740294426933, "status": "ok", "start_time": 1607968718.9470856, "duration": 0.7133967876434326}, "current_params": {"N": 500, "iss": 0.9, "leak": 0.035077512724621396, "ridge": 1e-07, "seed": 1234, "sr": 0.9687588174040461}}