{"returned_dict": {"loss": 9.831183814817816, "r2": -33.99442232464186, "status": "ok", "start_time": 1607968550.8451633, "duration": 0.704413652420044}, "current_params": {"N": 500, "iss": 0.9, "leak": 0.11852074049262125, "ridge": 1e-07, "seed": 1234, "sr": 0.02679915959955581}}