{"returned_dict": {"loss": 9.84791583893554, "r2": -33.96166954083527, "status": "ok", "start_time": 1607968578.584144, "duration": 0.695702314376831}, "current_params": {"N": 500, "iss": 0.9, "leak": 0.00716765303045107, "ridge": 1e-07, "seed": 1234, "sr": 0.0869308916360181}}