{"returned_dict": {"loss": 9.862183037955294, "r2": -33.53623288739785, "status": "ok", "start_time": 1607968770.3980565, "duration": 0.7055771350860596}, "current_params": {"N": 500, "iss": 0.9, "leak": 0.00403325017814781, "ridge": 1e-07, "seed": 1234, "sr": 0.5947145646004142}}