{"returned_dict": {"loss": 9.868605178165538, "r2": -34.05741099832016, "status": "ok", "start_time": 1607968599.0218382, "duration": 0.7149245738983154}, "current_params": {"N": 500, "iss": 0.9, "leak": 0.012176088931177078, "ridge": 1e-07, "seed": 1234, "sr": 0.04224439228744666}}