{"returned_dict": {"loss": 9.875529745580721, "r2": -32.94546594680551, "status": "ok", "start_time": 1607968994.4328816, "duration": 0.7181651592254639}, "current_params": {"N": 500, "iss": 0.9, "leak": 0.05494882472667269, "ridge": 1e-07, "seed": 1234, "sr": 0.7248213341163956}}