{"returned_dict": {"loss": 9.877608514267491, "r2": -35.27724635620715, "status": "ok", "start_time": 1607968944.9514391, "duration": 0.6597387790679932}, "current_params": {"N": 500, "iss": 0.9, "leak": 0.869093662525041, "ridge": 1e-07, "seed": 1234, "sr": 0.04648508331014822}}