{"returned_dict": {"loss": 9.88609049133664, "r2": -33.765694301894975, "status": "ok", "start_time": 1607968834.2645218, "duration": 0.6261591911315918}, "current_params": {"N": 500, "iss": 0.9, "leak": 0.02879116158002902, "ridge": 1e-07, "seed": 1234, "sr": 0.24022157045674392}}