{"returned_dict": {"loss": 9.883667291035506, "r2": -34.85145712913424, "status": "ok", "start_time": 1607968561.968678, "duration": 0.7480361461639404}, "current_params": {"N": 500, "iss": 0.9, "leak": 0.001688600938715481, "ridge": 1e-07, "seed": 1234, "sr": 1.7947886336720626}}