{"returned_dict": {"loss": 9.882469560976064, "r2": -35.37498747365877, "status": "ok", "start_time": 1607968964.247031, "duration": 0.734966516494751}, "current_params": {"N": 500, "iss": 0.9, "leak": 0.0017237272414964892, "ridge": 1e-07, "seed": 1234, "sr": 0.9710916552124218}}