{"returned_dict": {"loss": 9.898584815920103, "r2": -34.33843371923849, "status": "ok", "start_time": 1607968508.3325987, "duration": 0.7214303016662598}, "current_params": {"N": 500, "iss": 0.9, "leak": 0.008209693559745311, "ridge": 1e-07, "seed": 1234, "sr": 1.3602900240190061}}