{"returned_dict": {"loss": 9.91524969556738, "r2": -34.655969566765144, "status": "ok", "start_time": 1607968812.6446493, "duration": 0.7277646064758301}, "current_params": {"N": 500, "iss": 0.9, "leak": 0.0024208153261988338, "ridge": 1e-07, "seed": 1234, "sr": 1.1209653282836467}}