{"returned_dict": {"loss": 9.91359543749705, "r2": -36.39665428122503, "status": "ok", "start_time": 1607968852.248062, "duration": 0.755944013595581}, "current_params": {"N": 500, "iss": 0.9, "leak": 0.09229826217690223, "ridge": 1e-07, "seed": 1234, "sr": 2.510628923295194}}