{"returned_dict": {"loss": 9.928151441656562, "r2": -39.708911468210864, "status": "ok", "start_time": 1607968932.904247, "duration": 0.7111682891845703}, "current_params": {"N": 500, "iss": 0.9, "leak": 0.038213670528827834, "ridge": 1e-07, "seed": 1234, "sr": 6.86876444600725}}