{"returned_dict": {"loss": 9.928829039683263, "r2": -33.16086574629438, "status": "ok", "start_time": 1607969005.4130144, "duration": 0.6712002754211426}, "current_params": {"N": 500, "iss": 0.9, "leak": 0.0228580393470193, "ridge": 1e-07, "seed": 1234, "sr": 2.5590394887637875}}