{"returned_dict": {"loss": 9.936101288317367, "r2": -35.849653598278415, "status": "ok", "start_time": 1607968588.5341492, "duration": 0.7195022106170654}, "current_params": {"N": 500, "iss": 0.9, "leak": 0.0018583053547698806, "ridge": 1e-07, "seed": 1234, "sr": 0.7699411612060199}}