{"returned_dict": {"loss": 9.93510697381688, "r2": -36.11403892555807, "status": "ok", "start_time": 1607968488.1173697, "duration": 0.6104769706726074}, "current_params": {"N": 500, "iss": 0.9, "leak": 0.0012936933769146946, "ridge": 1e-07, "seed": 1234, "sr": 1.3414453229941508}}