{"returned_dict": {"loss": 9.941784713542063, "r2": -34.88821315914838, "status": "ok", "start_time": 1607968911.3936336, "duration": 0.7510442733764648}, "current_params": {"N": 500, "iss": 0.9, "leak": 0.006367845435837261, "ridge": 1e-07, "seed": 1234, "sr": 0.09272310890330343}}