{"returned_dict": {"loss": 9.959087616313445, "r2": -36.37647395736761, "status": "ok", "start_time": 1607968960.7698944, "duration": 0.5262746810913086}, "current_params": {"N": 500, "iss": 0.9, "leak": 0.001008235518951243, "ridge": 1e-07, "seed": 1234, "sr": 1.8745212263317115}}