{"returned_dict": {"loss": 9.958224150457374, "r2": -33.353165380842995, "status": "ok", "start_time": 1607968797.9919267, "duration": 0.7213690280914307}, "current_params": {"N": 500, "iss": 0.9, "leak": 0.13557483417130076, "ridge": 1e-07, "seed": 1234, "sr": 0.2984827905961784}}