{"returned_dict": {"loss": 9.959815474741472, "r2": -34.668325946684185, "status": "ok", "start_time": 1607969009.7511399, "duration": 0.47164368629455566}, "current_params": {"N": 500, "iss": 0.9, "leak": 0.17500371482125962, "ridge": 1e-07, "seed": 1234, "sr": 1.965421077282421}}