{"returned_dict": {"loss": 9.966957665255725, "r2": -35.34890196188581, "status": "ok", "start_time": 1607968834.9018962, "duration": 0.6551516056060791}, "current_params": {"N": 500, "iss": 0.9, "leak": 0.1122745950400542, "ridge": 1e-07, "seed": 1234, "sr": 0.03280221505069563}}