{"returned_dict": {"loss": 9.962854464518754, "r2": -33.96731673322271, "status": "ok", "start_time": 1607968983.8025773, "duration": 0.6363465785980225}, "current_params": {"N": 500, "iss": 0.9, "leak": 0.0052425141533915245, "ridge": 1e-07, "seed": 1234, "sr": 0.9271395451898148}}