{"returned_dict": {"loss": 9.960021869292197, "r2": -34.692213119562076, "status": "ok", "start_time": 1607968964.9970565, "duration": 0.710730791091919}, "current_params": {"N": 500, "iss": 0.9, "leak": 0.29890768728816514, "ridge": 1e-07, "seed": 1234, "sr": 0.24869711362517524}}