{"returned_dict": {"loss": 9.975721171746548, "r2": -35.488430796016594, "status": "ok", "start_time": 1607968682.9135199, "duration": 0.6219906806945801}, "current_params": {"N": 500, "iss": 0.9, "leak": 0.21188154764215242, "ridge": 1e-07, "seed": 1234, "sr": 0.709966857408386}}