{"returned_dict": {"loss": 9.98337235946194, "r2": -34.938211705114576, "status": "ok", "start_time": 1607968677.508356, "duration": 0.6502127647399902}, "current_params": {"N": 500, "iss": 0.9, "leak": 0.3146995319164893, "ridge": 1e-07, "seed": 1234, "sr": 0.2312614033209604}}