{"returned_dict": {"loss": 9.980291075820043, "r2": -35.54761977312635, "status": "ok", "start_time": 1607968902.6374705, "duration": 0.5563817024230957}, "current_params": {"N": 500, "iss": 0.9, "leak": 0.001182765599301051, "ridge": 1e-07, "seed": 1234, "sr": 3.6266903858067616}}