{"returned_dict": {"loss": 9.992240444436556, "r2": -671.857733337432, "status": "ok", "start_time": 1607968894.7610712, "duration": 0.753572940826416}, "current_params": {"N": 500, "iss": 0.9, "leak": 0.833792436100285, "ridge": 1e-07, "seed": 1234, "sr": 5.388871518381204}}