{"returned_dict": {"loss": 10.037534869075914, "r2": -35.44489772774122, "status": "ok", "start_time": 1607968821.0903845, "duration": 0.6276564598083496}, "current_params": {"N": 500, "iss": 0.9, "leak": 0.17162316874407588, "ridge": 1e-07, "seed": 1234, "sr": 0.01760813868795877}}