{"returned_dict": {"loss": 10.054979837849878, "r2": -34.47557592678158, "status": "ok", "start_time": 1607968464.706453, "duration": 0.7159731388092041}, "current_params": {"N": 500, "iss": 0.9, "leak": 0.020610454045015457, "ridge": 1e-07, "seed": 1234, "sr": 2.5041499136197687}}