{"returned_dict": {"loss": 10.068965386728616, "r2": -34.768893567125, "status": "ok", "start_time": 1607968903.8665056, "duration": 0.7450129985809326}, "current_params": {"N": 500, "iss": 0.9, "leak": 0.022930379931086882, "ridge": 1e-07, "seed": 1234, "sr": 3.0800151729697443}}