{"returned_dict": {"loss": 10.007647106771723, "r2": -35.17486317086492, "status": "ok", "start_time": 1607968744.2199059, "duration": 0.740447998046875}, "current_params": {"N": 500, "iss": 0.9, "leak": 0.0023709005186525497, "ridge": 1e-07, "seed": 1234, "sr": 1.4617104912908854}}