{"returned_dict": {"loss": 10.044993591137398, "r2": -34.25826231314158, "status": "ok", "start_time": 1607968490.0434263, "duration": 0.712653636932373}, "current_params": {"N": 500, "iss": 0.9, "leak": 0.13339749163313708, "ridge": 1e-07, "seed": 1234, "sr": 0.27190308439009675}}