{"returned_dict": {"loss": 10.07321926898359, "r2": -37.098252015045524, "status": "ok", "start_time": 1607968907.3915653, "duration": 0.7012934684753418}, "current_params": {"N": 500, "iss": 0.9, "leak": 0.26062781924675854, "ridge": 1e-07, "seed": 1234, "sr": 0.4940854830034249}}