{"returned_dict": {"loss": 10.078672425096299, "r2": -36.61273867990237, "status": "ok", "start_time": 1607968754.3646412, "duration": 0.46669602394104004}, "current_params": {"N": 500, "iss": 0.9, "leak": 0.44199880929111124, "ridge": 1e-07, "seed": 1234, "sr": 0.19261240155466497}}