{"returned_dict": {"loss": 10.045110460121382, "r2": -42.909880781558364, "status": "ok", "start_time": 1607968573.6582239, "duration": 0.6924302577972412}, "current_params": {"N": 500, "iss": 0.9, "leak": 0.03311640786753792, "ridge": 1e-07, "seed": 1234, "sr": 6.489599323380173}}