{"returned_dict": {"loss": 10.042943018226572, "r2": -36.08504187927171, "status": "ok", "start_time": 1607968786.5843384, "duration": 0.588402509689331}, "current_params": {"N": 500, "iss": 0.9, "leak": 0.4136686014566497, "ridge": 1e-07, "seed": 1234, "sr": 0.16957112609992617}}