{"returned_dict": {"loss": 10.023926733330596, "r2": -35.95905540905316, "status": "ok", "start_time": 1607968809.9895482, "duration": 0.6430163383483887}, "current_params": {"N": 500, "iss": 0.9, "leak": 0.004521370492602377, "ridge": 1e-07, "seed": 1234, "sr": 0.13734018602764492}}