{"returned_dict": {"loss": 10.06236151042004, "r2": -34.815595862797664, "status": "ok", "start_time": 1607968897.553967, "duration": 0.7288517951965332}, "current_params": {"N": 500, "iss": 0.9, "leak": 0.35507196795943713, "ridge": 1e-07, "seed": 1234, "sr": 0.11860147490790407}}