{"returned_dict": {"loss": 10.117084366592445, "r2": -35.69153954676994, "status": "ok", "start_time": 1607968545.6815605, "duration": 0.66951584815979}, "current_params": {"N": 500, "iss": 0.9, "leak": 0.0025563614337109006, "ridge": 1e-07, "seed": 1234, "sr": 1.709427646353841}}