{"returned_dict": {"loss": 10.143904773162335, "r2": -35.437144564771366, "status": "ok", "start_time": 1607968843.290375, "duration": 0.5716829299926758}, "current_params": {"N": 500, "iss": 0.9, "leak": 0.004456109225680865, "ridge": 1e-07, "seed": 1234, "sr": 1.479866087115651}}