{"returned_dict": {"loss": 10.181298463897798, "r2": -36.84211967644135, "status": "ok", "start_time": 1607968542.1218514, "duration": 0.7634942531585693}, "current_params": {"N": 500, "iss": 0.9, "leak": 0.014065499930227508, "ridge": 1e-07, "seed": 1234, "sr": 0.027645010025620143}}