{"returned_dict": {"loss": 10.137475602586818, "r2": -35.50632652679144, "status": "ok", "start_time": 1607968932.132476, "duration": 0.7633938789367676}, "current_params": {"N": 500, "iss": 0.9, "leak": 0.0033242039794714297, "ridge": 1e-07, "seed": 1234, "sr": 1.522139142199129}}