{"returned_dict": {"loss": 10.1905883553776, "r2": -38.472102792735484, "status": "ok", "start_time": 1607968872.110914, "duration": 0.8130948543548584}, "current_params": {"N": 500, "iss": 0.9, "leak": 0.002855154799334957, "ridge": 1e-07, "seed": 1234, "sr": 0.1953842499075746}}