{"returned_dict": {"loss": 10.124235782719621, "r2": -43.043696831338536, "status": "ok", "start_time": 1607968705.4742005, "duration": 0.7036099433898926}, "current_params": {"N": 500, "iss": 0.9, "leak": 0.24310256682156609, "ridge": 1e-07, "seed": 1234, "sr": 6.545170448258597}}