{"returned_dict": {"loss": 10.195330436300612, "r2": -37.45645079911969, "status": "ok", "start_time": 1607968895.5204668, "duration": 0.7232654094696045}, "current_params": {"N": 500, "iss": 0.9, "leak": 0.5481551071074401, "ridge": 1e-07, "seed": 1234, "sr": 0.044394283408952205}}