{"returned_dict": {"loss": 10.1882832481808, "r2": -37.729468674633125, "status": "ok", "start_time": 1607969015.272878, "duration": 0.7224090099334717}, "current_params": {"N": 500, "iss": 0.9, "leak": 0.5927783207992982, "ridge": 1e-07, "seed": 1234, "sr": 0.04441448646046352}}