{"returned_dict": {"loss": 10.152357723525869, "r2": -35.74473935308665, "status": "ok", "start_time": 1607968875.2552674, "duration": 0.7063212394714355}, "current_params": {"N": 500, "iss": 0.9, "leak": 0.0051235720436403455, "ridge": 1e-07, "seed": 1234, "sr": 1.6870898133500072}}