{"returned_dict": {"loss": 10.187240079581661, "r2": -37.62062336869159, "status": "ok", "start_time": 1607968880.7005713, "duration": 0.6426680088043213}, "current_params": {"N": 500, "iss": 0.9, "leak": 0.005007828122580459, "ridge": 1e-07, "seed": 1234, "sr": 0.09231943359093898}}