{"returned_dict": {"loss": 10.192501830576132, "r2": -44.672681526772294, "status": "ok", "start_time": 1607968501.2090337, "duration": 0.7597393989562988}, "current_params": {"N": 500, "iss": 0.9, "leak": 0.05170793809631237, "ridge": 1e-07, "seed": 1234, "sr": 9.743049224890056}}