{"returned_dict": {"loss": 10.107379552897108, "r2": -36.64511835751646, "status": "ok", "start_time": 1607968947.8324735, "duration": 0.6210737228393555}, "current_params": {"N": 500, "iss": 0.9, "leak": 0.4994853134694617, "ridge": 1e-07, "seed": 1234, "sr": 0.06997332721021329}}