{"returned_dict": {"loss": 10.174790249732096, "r2": -37.304542318714134, "status": "ok", "start_time": 1607968710.343987, "duration": 0.7436518669128418}, "current_params": {"N": 500, "iss": 0.9, "leak": 0.00583323315757831, "ridge": 1e-07, "seed": 1234, "sr": 0.07809121972047205}}