{"returned_dict": {"loss": 10.13958483385578, "r2": -35.22832198795734, "status": "ok", "start_time": 1607968951.2085724, "duration": 0.7152948379516602}, "current_params": {"N": 500, "iss": 0.9, "leak": 0.13863833137287065, "ridge": 1e-07, "seed": 1234, "sr": 0.22963643739503137}}