{"returned_dict": {"loss": 10.101202567675763, "r2": -35.09716277537526, "status": "ok", "start_time": 1607968966.4379814, "duration": 0.7805299758911133}, "current_params": {"N": 500, "iss": 0.9, "leak": 0.06331870349417179, "ridge": 1e-07, "seed": 1234, "sr": 0.5672673943616123}}