{"returned_dict": {"loss": 10.18752652743313, "r2": -36.59640872306405, "status": "ok", "start_time": 1607968733.3260145, "duration": 0.7129182815551758}, "current_params": {"N": 500, "iss": 0.9, "leak": 0.04153043891899666, "ridge": 1e-07, "seed": 1234, "sr": 0.16873838229699512}}