{"returned_dict": {"loss": 10.277780546073847, "r2": -36.56086296173224, "status": "ok", "start_time": 1607968771.775658, "duration": 0.6404078006744385}, "current_params": {"N": 500, "iss": 0.9, "leak": 0.1375351226822322, "ridge": 1e-07, "seed": 1234, "sr": 0.2038275337657019}}