{"returned_dict": {"loss": 10.229223773683058, "r2": -37.143875147294565, "status": "ok", "start_time": 1607968904.621811, "duration": 0.7209184169769287}, "current_params": {"N": 500, "iss": 0.9, "leak": 0.460962857242971, "ridge": 1e-07, "seed": 1234, "sr": 0.043825251342565694}}