{"returned_dict": {"loss": 10.213496430006558, "r2": -36.30996561437297, "status": "ok", "start_time": 1607968881.3511598, "duration": 0.7444822788238525}, "current_params": {"N": 500, "iss": 0.9, "leak": 0.004806869159106998, "ridge": 1e-07, "seed": 1234, "sr": 1.8633500564660403}}