{"returned_dict": {"loss": 10.2432983737403, "r2": -37.80377815122034, "status": "ok", "start_time": 1607968853.7164001, "duration": 0.7157530784606934}, "current_params": {"N": 500, "iss": 0.9, "leak": 0.5794165574058547, "ridge": 1e-07, "seed": 1234, "sr": 0.03442930615933909}}