{"returned_dict": {"loss": 10.203227762466186, "r2": -37.237269757764786, "status": "ok", "start_time": 1607968489.3005111, "duration": 0.7325925827026367}, "current_params": {"N": 500, "iss": 0.9, "leak": 0.5093174338365485, "ridge": 1e-07, "seed": 1234, "sr": 0.04470817287938807}}