{"returned_dict": {"loss": 10.289640049225229, "r2": -39.20655124097382, "status": "ok", "start_time": 1607968949.8318286, "duration": 0.6326653957366943}, "current_params": {"N": 500, "iss": 0.9, "leak": 0.8302670066655549, "ridge": 1e-07, "seed": 1234, "sr": 0.030163703981672913}}