{"returned_dict": {"loss": 10.270437509747884, "r2": -37.268329505775384, "status": "ok", "start_time": 1607968992.35829, "duration": 0.6289987564086914}, "current_params": {"N": 500, "iss": 0.9, "leak": 0.5742149864743035, "ridge": 1e-07, "seed": 1234, "sr": 2.5163817705998195}}