{"returned_dict": {"loss": 10.266939695824874, "r2": -38.00881916934071, "status": "ok", "start_time": 1607968985.6375601, "duration": 0.7309231758117676}, "current_params": {"N": 500, "iss": 0.9, "leak": 0.007587147868805528, "ridge": 1e-07, "seed": 1234, "sr": 0.05158946898757491}}