{"returned_dict": {"loss": 10.259955182351321, "r2": -38.29583470057718, "status": "ok", "start_time": 1607968931.3481443, "duration": 0.7717764377593994}, "current_params": {"N": 500, "iss": 0.9, "leak": 0.6357361975794514, "ridge": 1e-07, "seed": 1234, "sr": 0.03386888950758654}}