{"returned_dict": {"loss": 10.248565069333205, "r2": -38.53367147116637, "status": "ok", "start_time": 1607968496.3329592, "duration": 0.6950440406799316}, "current_params": {"N": 500, "iss": 0.9, "leak": 0.6877543577309463, "ridge": 1e-07, "seed": 1234, "sr": 0.03558146621212895}}