{"returned_dict": {"loss": 10.385182101977465, "r2": -44.51427930343092, "status": "ok", "start_time": 1607968903.1998274, "duration": 0.6606612205505371}, "current_params": {"N": 500, "iss": 0.9, "leak": 0.11292362171718484, "ridge": 1e-07, "seed": 1234, "sr": 4.777329982286195}}