{"returned_dict": {"loss": 10.354439955712218, "r2": -38.65798601045754, "status": "ok", "start_time": 1607968701.872517, "duration": 0.7042808532714844}, "current_params": {"N": 500, "iss": 0.9, "leak": 0.06458763933611976, "ridge": 1e-07, "seed": 1234, "sr": 0.09526217444387368}}