{"returned_dict": {"loss": 10.314809078523417, "r2": -40.420565953653586, "status": "ok", "start_time": 1607968878.7548563, "duration": 0.675246000289917}, "current_params": {"N": 500, "iss": 0.9, "leak": 0.0016271811670608384, "ridge": 1e-07, "seed": 1234, "sr": 0.37277095566694635}}