{"returned_dict": {"loss": 10.370387695137195, "r2": -41.33315059348006, "status": "ok", "start_time": 1607968505.5667977, "duration": 0.6771032810211182}, "current_params": {"N": 500, "iss": 0.9, "leak": 0.0018784627210353445, "ridge": 1e-07, "seed": 1234, "sr": 0.17650478370528577}}