{"returned_dict": {"loss": 10.365122308174733, "r2": -38.13045243361697, "status": "ok", "start_time": 1607968910.2010155, "duration": 0.7081801891326904}, "current_params": {"N": 500, "iss": 0.9, "leak": 0.0011094927267658052, "ridge": 1e-07, "seed": 1234, "sr": 5.344196746155347}}