{"returned_dict": {"loss": 10.388468322114093, "r2": -41.399300855807866, "status": "ok", "start_time": 1607968993.0072582, "duration": 0.7081975936889648}, "current_params": {"N": 500, "iss": 0.9, "leak": 0.0015261546714750575, "ridge": 1e-07, "seed": 1234, "sr": 0.013289923534338324}}