{"returned_dict": {"loss": 10.38840727325404, "r2": -37.544814027104984, "status": "ok", "start_time": 1607969029.4295897, "duration": 0.7011101245880127}, "current_params": {"N": 500, "iss": 0.9, "leak": 0.003413048170788024, "ridge": 1e-07, "seed": 1234, "sr": 2.300979355999962}}