{"returned_dict": {"loss": 10.336887878869653, "r2": -37.92498617401795, "status": "ok", "start_time": 1607969012.3961236, "duration": 0.675116777420044}, "current_params": {"N": 500, "iss": 0.9, "leak": 0.37270147666333747, "ridge": 1e-07, "seed": 1234, "sr": 0.0111294735827412}}