{"returned_dict": {"loss": 10.376235027160378, "r2": -39.53785623946694, "status": "ok", "start_time": 1607968908.8629723, "duration": 0.6817188262939453}, "current_params": {"N": 500, "iss": 0.9, "leak": 0.715895203114916, "ridge": 1e-07, "seed": 1234, "sr": 0.024724212787649746}}