{"returned_dict": {"loss": 10.351696607541333, "r2": -38.08554870401388, "status": "ok", "start_time": 1607968754.8381195, "duration": 0.7328824996948242}, "current_params": {"N": 500, "iss": 0.9, "leak": 0.4053003530937656, "ridge": 1e-07, "seed": 1234, "sr": 0.024484510869421976}}