{"returned_dict": {"loss": 10.366204562679677, "r2": -44.131165047867256, "status": "ok", "start_time": 1607968873.7478015, "duration": 0.753685712814331}, "current_params": {"N": 500, "iss": 0.9, "leak": 0.021314787816384562, "ridge": 1e-07, "seed": 1234, "sr": 9.351169393283483}}