{"returned_dict": {"loss": 10.36166963352941, "r2": -38.533678296980156, "status": "ok", "start_time": 1607968937.1702597, "duration": 0.7069988250732422}, "current_params": {"N": 500, "iss": 0.9, "leak": 0.5503973209756422, "ridge": 1e-07, "seed": 1234, "sr": 0.019576151162683273}}