{"returned_dict": {"loss": 10.352474178754141, "r2": -38.08360015441637, "status": "ok", "start_time": 1607968741.9420545, "duration": 0.7824947834014893}, "current_params": {"N": 500, "iss": 0.9, "leak": 0.3989540479942013, "ridge": 1e-07, "seed": 1234, "sr": 0.025311816392162196}}