{"returned_dict": {"loss": 10.352474178754141, "r2": -38.08360015441637, "status": "ok", "start_time": 1607968525.2378266, "duration": 0.6744813919067383}, "current_params": {"N": 500, "iss": 0.9, "leak": 0.3989540479942013, "ridge": 1e-07, "seed": 1234, "sr": 0.025311816392162196}}