{"returned_dict": {"loss": 10.317469104991474, "r2": -40.5186866273293, "status": "ok", "start_time": 1607968998.0893538, "duration": 0.7478923797607422}, "current_params": {"N": 500, "iss": 0.9, "leak": 0.0017307249558497265, "ridge": 1e-07, "seed": 1234, "sr": 0.31118085978461074}}