{"returned_dict": {"loss": 10.436196084806772, "r2": -39.20267098221991, "status": "ok", "start_time": 1607969006.0909026, "duration": 0.7803678512573242}, "current_params": {"N": 500, "iss": 0.9, "leak": 0.5342269028618727, "ridge": 1e-07, "seed": 1234, "sr": 0.012248163843982588}}