{"returned_dict": {"loss": 10.466351831381074, "r2": -42.255390925705626, "status": "ok", "start_time": 1607968524.515524, "duration": 0.7192213535308838}, "current_params": {"N": 500, "iss": 0.9, "leak": 0.0022660438835071482, "ridge": 1e-07, "seed": 1234, "sr": 0.0397719630784363}}