{"returned_dict": {"loss": 10.454415706817661, "r2": -41.787114903867206, "status": "ok", "start_time": 1607968808.5429492, "duration": 0.7400815486907959}, "current_params": {"N": 500, "iss": 0.9, "leak": 0.0010227532388893531, "ridge": 1e-07, "seed": 1234, "sr": 0.07743947124275782}}