{"returned_dict": {"loss": 10.426230326954608, "r2": -41.70942461786358, "status": "ok", "start_time": 1607968732.594209, "duration": 0.7220618724822998}, "current_params": {"N": 500, "iss": 0.9, "leak": 0.0012735692721205882, "ridge": 1e-07, "seed": 1234, "sr": 0.03950612656193977}}