{"returned_dict": {"loss": 10.43180841676211, "r2": -41.86264805092069, "status": "ok", "start_time": 1607969023.8367739, "duration": 0.6702888011932373}, "current_params": {"N": 500, "iss": 0.9, "leak": 0.0017279807780237577, "ridge": 1e-07, "seed": 1234, "sr": 0.01208916182797818}}