{"returned_dict": {"loss": 10.423300158834715, "r2": -41.782856888447846, "status": "ok", "start_time": 1607968542.893322, "duration": 0.643216609954834}, "current_params": {"N": 500, "iss": 0.9, "leak": 0.001649071717893987, "ridge": 1e-07, "seed": 1234, "sr": 0.015976782745456976}}