{"returned_dict": {"loss": 10.448591141952463, "r2": -42.130523644184535, "status": "ok", "start_time": 1607968867.3858366, "duration": 0.5902926921844482}, "current_params": {"N": 500, "iss": 0.9, "leak": 0.0016137178779072191, "ridge": 1e-07, "seed": 1234, "sr": 0.09022688597696024}}