{"returned_dict": {"loss": 10.454766716471587, "r2": -42.14959519700482, "status": "ok", "start_time": 1607968848.0128613, "duration": 0.6393795013427734}, "current_params": {"N": 500, "iss": 0.9, "leak": 0.001516818619532882, "ridge": 1e-07, "seed": 1234, "sr": 0.08497879308536047}}