{"returned_dict": {"loss": 10.455048054461715, "r2": -42.13091506503433, "status": "ok", "start_time": 1607968962.7765987, "duration": 0.7085857391357422}, "current_params": {"N": 500, "iss": 0.9, "leak": 0.0024428554012130847, "ridge": 1e-07, "seed": 1234, "sr": 0.05348869350345488}}