{"returned_dict": {"loss": 10.456358587353051, "r2": -39.74953530366802, "status": "ok", "start_time": 1607968856.6251578, "duration": 0.72269606590271}, "current_params": {"N": 500, "iss": 0.9, "leak": 0.6213231873400493, "ridge": 1e-07, "seed": 1234, "sr": 0.014729592099843895}}