{"returned_dict": {"loss": 10.411262621198583, "r2": -38.18728628689447, "status": "ok", "start_time": 1607968701.1478083, "duration": 0.7205841541290283}, "current_params": {"N": 500, "iss": 0.9, "leak": 0.07477757566805279, "ridge": 1e-07, "seed": 1234, "sr": 0.4069133235915101}}