{"returned_dict": {"loss": 10.470757333860151, "r2": -42.04543147047078, "status": "ok", "start_time": 1607968600.365761, "duration": 0.7091555595397949}, "current_params": {"N": 500, "iss": 0.9, "leak": 0.00110642430296974, "ridge": 1e-07, "seed": 1234, "sr": 0.10685406878507675}}