{"returned_dict": {"loss": 10.431802935950545, "r2": -41.98604688890729, "status": "ok", "start_time": 1607968995.170888, "duration": 0.7290802001953125}, "current_params": {"N": 500, "iss": 0.9, "leak": 0.0014682694901910238, "ridge": 1e-07, "seed": 1234, "sr": 0.17582773316054323}}