{"returned_dict": {"loss": 10.404146121050458, "r2": -41.741524264403154, "status": "ok", "start_time": 1607968766.8087373, "duration": 0.710801362991333}, "current_params": {"N": 500, "iss": 0.9, "leak": 0.0018962145244707455, "ridge": 1e-07, "seed": 1234, "sr": 0.12786814319880177}}