{"returned_dict": {"loss": 10.425454455469959, "r2": -41.745552827952615, "status": "ok", "start_time": 1607968849.3808656, "duration": 0.7084484100341797}, "current_params": {"N": 500, "iss": 0.9, "leak": 0.0012594603435683597, "ridge": 1e-07, "seed": 1234, "sr": 0.3670187295362744}}