{"returned_dict": {"loss": 10.421019155007066, "r2": -37.78597918902344, "status": "ok", "start_time": 1607968941.3288302, "duration": 0.7284319400787354}, "current_params": {"N": 500, "iss": 0.9, "leak": 0.002911729485673802, "ridge": 1e-07, "seed": 1234, "sr": 2.473043787997592}}