{"returned_dict": {"loss": 10.444983724387646, "r2": -41.91232852867325, "status": "ok", "start_time": 1607968888.3085744, "duration": 0.7592978477478027}, "current_params": {"N": 500, "iss": 0.9, "leak": 0.0011819992807559937, "ridge": 1e-07, "seed": 1234, "sr": 0.3756274063430043}}