{"returned_dict": {"loss": 10.426058028889136, "r2": -41.2913130844207, "status": "ok", "start_time": 1607968921.5672977, "duration": 0.7150578498840332}, "current_params": {"N": 500, "iss": 0.9, "leak": 0.0010406290387682798, "ridge": 1e-07, "seed": 1234, "sr": 0.7680307656478006}}