{"returned_dict": {"loss": 10.496565813572245, "r2": -39.8188020850067, "status": "ok", "start_time": 1607968557.846891, "duration": 0.6705846786499023}, "current_params": {"N": 500, "iss": 0.9, "leak": 0.01893301165153774, "ridge": 1e-07, "seed": 1234, "sr": 0.014266638627813489}}