{"returned_dict": {"loss": 10.41634690845853, "r2": -41.86774874687351, "status": "ok", "start_time": 1607968887.589813, "duration": 0.7109701633453369}, "current_params": {"N": 500, "iss": 0.9, "leak": 0.001895658118876921, "ridge": 1e-07, "seed": 1234, "sr": 0.1119169549058731}}