{"returned_dict": {"loss": 10.424345008584748, "r2": -41.950424724634665, "status": "ok", "start_time": 1607969018.9175413, "duration": 0.7194845676422119}, "current_params": {"N": 500, "iss": 0.9, "leak": 0.001761351658765536, "ridge": 1e-07, "seed": 1234, "sr": 0.11722652356870107}}