{"returned_dict": {"loss": 10.424676995405319, "r2": -39.20980545094567, "status": "ok", "start_time": 1607968589.2588334, "duration": 0.6250298023223877}, "current_params": {"N": 500, "iss": 0.9, "leak": 0.05090911916903427, "ridge": 1e-07, "seed": 1234, "sr": 0.1426252639753132}}