{"returned_dict": {"loss": 10.466565972213788, "r2": -42.07022273308821, "status": "ok", "start_time": 1607968687.1231525, "duration": 0.6511895656585693}, "current_params": {"N": 500, "iss": 0.9, "leak": 0.001095340401622568, "ridge": 1e-07, "seed": 1234, "sr": 0.38135498101598475}}