{"returned_dict": {"loss": 10.465799203720353, "r2": -42.25012972486439, "status": "ok", "start_time": 1607969010.8465488, "duration": 0.7179491519927979}, "current_params": {"N": 500, "iss": 0.9, "leak": 0.002033696808031237, "ridge": 1e-07, "seed": 1234, "sr": 0.025896327612311774}}