{"returned_dict": {"loss": 10.479774956551926, "r2": -42.17690898072038, "status": "ok", "start_time": 1607969000.9288871, "duration": 0.7075643539428711}, "current_params": {"N": 500, "iss": 0.9, "leak": 0.0010698239112659166, "ridge": 1e-07, "seed": 1234, "sr": 0.25462393127523364}}