{"returned_dict": {"loss": 10.474620821309015, "r2": -42.113125005023896, "status": "ok", "start_time": 1607968847.277691, "duration": 0.7310137748718262}, "current_params": {"N": 500, "iss": 0.9, "leak": 0.0010586633644742408, "ridge": 1e-07, "seed": 1234, "sr": 0.391437246018649}}