{"returned_dict": {"loss": 10.449307179501927, "r2": -41.982346343754294, "status": "ok", "start_time": 1607968841.819792, "duration": 0.7244515419006348}, "current_params": {"N": 500, "iss": 0.9, "leak": 0.0013392693559454393, "ridge": 1e-07, "seed": 1234, "sr": 0.05316122089787223}}