{"returned_dict": {"loss": 10.418657365379834, "r2": -41.544912900955296, "status": "ok", "start_time": 1607969001.647462, "duration": 0.6273558139801025}, "current_params": {"N": 500, "iss": 0.9, "leak": 0.002880214604534744, "ridge": 1e-07, "seed": 1234, "sr": 0.07600008627392833}}