{"returned_dict": {"loss": 10.588971889023982, "r2": -39.82410943889863, "status": "ok", "start_time": 1607968768.2866158, "duration": 0.6226768493652344}, "current_params": {"N": 500, "iss": 0.9, "leak": 0.002922040497080639, "ridge": 1e-07, "seed": 1234, "sr": 9.43355094498369}}