{"returned_dict": {"loss": 10.597626895472978, "r2": -43.25900903556788, "status": "ok", "start_time": 1607968865.9326296, "duration": 0.7163374423980713}, "current_params": {"N": 500, "iss": 0.9, "leak": 0.003400396772156885, "ridge": 1e-07, "seed": 1234, "sr": 0.010033465340692825}}