{"returned_dict": {"loss": 10.592995150764494, "r2": -42.250916636310556, "status": "ok", "start_time": 1607968935.6699922, "duration": 0.786419153213501}, "current_params": {"N": 500, "iss": 0.9, "leak": 0.00545405788544138, "ridge": 1e-07, "seed": 1234, "sr": 0.03628086367188675}}