{"returned_dict": {"loss": 10.51014558890852, "r2": -39.54540131510251, "status": "ok", "start_time": 1607968900.4814868, "duration": 0.584730863571167}, "current_params": {"N": 500, "iss": 0.9, "leak": 0.003944119479416728, "ridge": 1e-07, "seed": 1234, "sr": 6.707670380344976}}