{"returned_dict": {"loss": 10.527960116159539, "r2": -40.981781232048604, "status": "ok", "start_time": 1607968772.4195278, "duration": 0.7194557189941406}, "current_params": {"N": 500, "iss": 0.9, "leak": 0.006867699959589127, "ridge": 1e-07, "seed": 1234, "sr": 0.039288718999384006}}