{"returned_dict": {"loss": 10.523448535482745, "r2": -42.366927657498316, "status": "ok", "start_time": 1607968869.5667984, "duration": 0.7770094871520996}, "current_params": {"N": 500, "iss": 0.9, "leak": 0.003674041535831729, "ridge": 1e-07, "seed": 1234, "sr": 0.038598697048902404}}