{"returned_dict": {"loss": 10.52148074198916, "r2": -42.46767391171536, "status": "ok", "start_time": 1607968983.1442275, "duration": 0.6518640518188477}, "current_params": {"N": 500, "iss": 0.9, "leak": 0.003431392128101962, "ridge": 1e-07, "seed": 1234, "sr": 0.034516053583732234}}