{"returned_dict": {"loss": 10.528590555383623, "r2": -41.07783417505087, "status": "ok", "start_time": 1607968827.2217565, "duration": 0.6146087646484375}, "current_params": {"N": 500, "iss": 0.9, "leak": 0.02847651089747401, "ridge": 1e-07, "seed": 1234, "sr": 0.7616432653687866}}