{"returned_dict": {"loss": 10.586190753772167, "r2": -40.90630346213629, "status": "ok", "start_time": 1607968978.906416, "duration": 0.7213780879974365}, "current_params": {"N": 500, "iss": 0.9, "leak": 0.004914595849999794, "ridge": 1e-07, "seed": 1234, "sr": 4.541599217913937}}