{"returned_dict": {"loss": 10.540145467645871, "r2": -41.574032145629474, "status": "ok", "start_time": 1607968832.0780303, "duration": 0.7164151668548584}, "current_params": {"N": 500, "iss": 0.9, "leak": 0.007289765458066862, "ridge": 1e-07, "seed": 1234, "sr": 2.080854643144144}}