{"returned_dict": {"loss": 10.585926160985077, "r2": -39.784978733424616, "status": "ok", "start_time": 1607968920.827652, "duration": 0.7334647178649902}, "current_params": {"N": 500, "iss": 0.9, "leak": 0.0030571792014813456, "ridge": 1e-07, "seed": 1234, "sr": 9.923484370094833}}