{"returned_dict": {"loss": 10.643589603947918, "r2": -41.183683654946066, "status": "ok", "start_time": 1607969021.1092231, "duration": 0.6525363922119141}, "current_params": {"N": 500, "iss": 0.9, "leak": 0.004196492055064129, "ridge": 1e-07, "seed": 1234, "sr": 3.0536289661482554}}