{"returned_dict": {"loss": 10.691947799819047, "r2": -43.175639579063436, "status": "ok", "start_time": 1607968568.1641672, "duration": 0.7011082172393799}, "current_params": {"N": 500, "iss": 0.9, "leak": 0.006187137557784292, "ridge": 1e-07, "seed": 1234, "sr": 0.025823907714596202}}