{"returned_dict": {"loss": 10.695335957335791, "r2": -42.48134073596603, "status": "ok", "start_time": 1607968945.619306, "duration": 0.7686095237731934}, "current_params": {"N": 500, "iss": 0.9, "leak": 0.01543067834149794, "ridge": 1e-07, "seed": 1234, "sr": 2.8081710222054044}}