{"returned_dict": {"loss": 10.672485890560614, "r2": -42.76158746757986, "status": "ok", "start_time": 1607968857.3554208, "duration": 0.7293334007263184}, "current_params": {"N": 500, "iss": 0.9, "leak": 0.030520777321580365, "ridge": 1e-07, "seed": 1234, "sr": 0.6742230274331621}}