{"returned_dict": {"loss": 10.663078470044468, "r2": -43.60725241802162, "status": "ok", "start_time": 1607968949.11957, "duration": 0.7059972286224365}, "current_params": {"N": 500, "iss": 0.9, "leak": 0.004457678833635581, "ridge": 1e-07, "seed": 1234, "sr": 0.011733698321029506}}