{"returned_dict": {"loss": 10.649071902405709, "r2": -41.3352403555073, "status": "ok", "start_time": 1607969018.1818967, "duration": 0.7238194942474365}, "current_params": {"N": 500, "iss": 0.9, "leak": 0.016650903727821208, "ridge": 1e-07, "seed": 1234, "sr": 3.255595104858838}}