{"returned_dict": {"loss": 10.604013550125696, "r2": -40.15699429083193, "status": "ok", "start_time": 1607968599.7485156, "duration": 0.6058263778686523}, "current_params": {"N": 500, "iss": 0.9, "leak": 0.21411150648402713, "ridge": 1e-07, "seed": 1234, "sr": 0.06832853226391412}}