{"returned_dict": {"loss": 10.658807669075438, "r2": -40.87567391385472, "status": "ok", "start_time": 1607968548.603203, "duration": 0.7309458255767822}, "current_params": {"N": 500, "iss": 0.9, "leak": 0.0034525510284600636, "ridge": 1e-07, "seed": 1234, "sr": 3.181985180149482}}