{"returned_dict": {"loss": 10.645738859269017, "r2": -43.47311396932536, "status": "ok", "start_time": 1607968843.8694217, "duration": 0.7446033954620361}, "current_params": {"N": 500, "iss": 0.9, "leak": 0.0043084067795325755, "ridge": 1e-07, "seed": 1234, "sr": 0.012818142086451538}}