{"returned_dict": {"loss": 10.751750882969219, "r2": -41.92483927913975, "status": "ok", "start_time": 1607968738.1947012, "duration": 0.7650628089904785}, "current_params": {"N": 500, "iss": 0.9, "leak": 0.14509571000718494, "ridge": 1e-07, "seed": 1234, "sr": 0.10576672920960586}}