{"returned_dict": {"loss": 10.73014155489429, "r2": -43.872688103351265, "status": "ok", "start_time": 1607968711.0917752, "duration": 0.7086844444274902}, "current_params": {"N": 500, "iss": 0.9, "leak": 0.866645129037475, "ridge": 1e-07, "seed": 1234, "sr": 0.010291749999918281}}