{"returned_dict": {"loss": 10.754098141747848, "r2": -42.949132679290294, "status": "ok", "start_time": 1607968954.0624263, "duration": 0.7360377311706543}, "current_params": {"N": 500, "iss": 0.9, "leak": 0.14342718332786347, "ridge": 1e-07, "seed": 1234, "sr": 0.05421559340706631}}