{"returned_dict": {"loss": 10.716563437270741, "r2": -41.01259932992051, "status": "ok", "start_time": 1607968886.4126973, "duration": 0.636868953704834}, "current_params": {"N": 500, "iss": 0.9, "leak": 0.0027265359254265795, "ridge": 1e-07, "seed": 1234, "sr": 5.81642940669217}}