{"returned_dict": {"loss": 10.855417046457015, "r2": -43.79780842783654, "status": "ok", "start_time": 1607968970.7746856, "duration": 0.6526744365692139}, "current_params": {"N": 500, "iss": 0.9, "leak": 0.13446577351061387, "ridge": 1e-07, "seed": 1234, "sr": 0.07797112254281383}}