{"returned_dict": {"loss": 10.897666321568082, "r2": -47.63223807731341, "status": "ok", "start_time": 1607968963.4980078, "duration": 0.7421412467956543}, "current_params": {"N": 500, "iss": 0.9, "leak": 0.012648842065185687, "ridge": 1e-07, "seed": 1234, "sr": 1.6049119420448643}}