{"returned_dict": {"loss": 10.890548086372098, "r2": -46.052869767976595, "status": "ok", "start_time": 1607968748.0749307, "duration": 0.6864690780639648}, "current_params": {"N": 500, "iss": 0.9, "leak": 0.008127351492587928, "ridge": 1e-07, "seed": 1234, "sr": 9.235307538975643}}