{"returned_dict": {"loss": 10.898720961190234, "r2": -47.110744589897756, "status": "ok", "start_time": 1607968587.137287, "duration": 0.6731534004211426}, "current_params": {"N": 500, "iss": 0.9, "leak": 0.009242763645577658, "ridge": 1e-07, "seed": 1234, "sr": 2.249842310653705}}