{"returned_dict": {"loss": 10.80504127496313, "r2": -46.484469838688625, "status": "ok", "start_time": 1607968761.2187793, "duration": 0.667743444442749}, "current_params": {"N": 500, "iss": 0.9, "leak": 0.017820845722566838, "ridge": 1e-07, "seed": 1234, "sr": 1.4931271168899853}}