{"returned_dict": {"loss": 10.898691664552379, "r2": -45.525324291379945, "status": "ok", "start_time": 1607968939.9202583, "duration": 0.7288482189178467}, "current_params": {"N": 500, "iss": 0.9, "leak": 0.012771063959055966, "ridge": 1e-07, "seed": 1234, "sr": 4.440454982720974}}