{"returned_dict": {"loss": 10.888729635429366, "r2": -43.02038432125631, "status": "ok", "start_time": 1607968803.0687394, "duration": 0.7619457244873047}, "current_params": {"N": 500, "iss": 0.9, "leak": 0.0025166470688464913, "ridge": 1e-07, "seed": 1234, "sr": 4.696002296278238}}