{"returned_dict": {"loss": 10.804875204981846, "r2": -41.96440907780697, "status": "ok", "start_time": 1607968787.1777008, "duration": 0.7400057315826416}, "current_params": {"N": 500, "iss": 0.9, "leak": 0.0024137671779897035, "ridge": 1e-07, "seed": 1234, "sr": 4.224116056819415}}