{"returned_dict": {"loss": 10.84269221449511, "r2": -42.08948920358605, "status": "ok", "start_time": 1607968500.486707, "duration": 0.719611406326294}, "current_params": {"N": 500, "iss": 0.9, "leak": 0.0021670143493142413, "ridge": 1e-07, "seed": 1234, "sr": 6.94163720195683}}