{"returned_dict": {"loss": 10.927972334907567, "r2": -43.26030648652513, "status": "ok", "start_time": 1607968991.6568296, "duration": 0.688624382019043}, "current_params": {"N": 500, "iss": 0.9, "leak": 0.0020544857644000433, "ridge": 1e-07, "seed": 1234, "sr": 5.297093423550611}}