{"returned_dict": {"loss": 10.999425234853542, "r2": -45.613234154757436, "status": "ok", "start_time": 1607968757.0241177, "duration": 0.7037622928619385}, "current_params": {"N": 500, "iss": 0.9, "leak": 0.08896928049249211, "ridge": 1e-07, "seed": 1234, "sr": 0.1922727406748268}}