{"returned_dict": {"loss": 10.964664775510272, "r2": -45.25579305696519, "status": "ok", "start_time": 1607968882.7971494, "duration": 0.7462637424468994}, "current_params": {"N": 500, "iss": 0.9, "leak": 0.011666682040812493, "ridge": 1e-07, "seed": 1234, "sr": 0.011759451564979827}}