{"returned_dict": {"loss": 10.972618897730925, "r2": -45.605237488984734, "status": "ok", "start_time": 1607968969.5224233, "duration": 0.579681396484375}, "current_params": {"N": 500, "iss": 0.9, "leak": 0.009909176219790516, "ridge": 1e-07, "seed": 1234, "sr": 0.01079056982532305}}