{"returned_dict": {"loss": 10.957355924140705, "r2": -54.58609074174498, "status": "ok", "start_time": 1607968919.4379203, "duration": 0.724754810333252}, "current_params": {"N": 500, "iss": 0.9, "leak": 0.19418098234131811, "ridge": 1e-07, "seed": 1234, "sr": 7.529620476259812}}