{"returned_dict": {"loss": 10.995403609413975, "r2": -48.46292808024011, "status": "ok", "start_time": 1607968996.618366, "duration": 0.7114617824554443}, "current_params": {"N": 500, "iss": 0.9, "leak": 0.014776277660420917, "ridge": 1e-07, "seed": 1234, "sr": 2.0447672891420146}}