{"returned_dict": {"loss": 10.948524314307848, "r2": -43.318889378364794, "status": "ok", "start_time": 1607969024.5276914, "duration": 0.7098124027252197}, "current_params": {"N": 500, "iss": 0.9, "leak": 0.0013099102375248154, "ridge": 1e-07, "seed": 1234, "sr": 7.663952069660511}}