{"returned_dict": {"loss": 11.066579463676497, "r2": -49.45924736788506, "status": "ok", "start_time": 1607968986.3748674, "duration": 0.7202272415161133}, "current_params": {"N": 500, "iss": 0.9, "leak": 0.010104206598160057, "ridge": 1e-07, "seed": 1234, "sr": 2.4795027310447}}