{"returned_dict": {"loss": 11.004048397512703, "r2": -47.30847477259302, "status": "ok", "start_time": 1607968564.7489316, "duration": 0.7026376724243164}, "current_params": {"N": 500, "iss": 0.9, "leak": 0.008133929403981508, "ridge": 1e-07, "seed": 1234, "sr": 3.341570282459079}}