{"returned_dict": {"loss": 11.11759659234256, "r2": -49.99489272402849, "status": "ok", "start_time": 1607968712.5211349, "duration": 0.7345831394195557}, "current_params": {"N": 500, "iss": 0.9, "leak": 0.011516172846485461, "ridge": 1e-07, "seed": 1234, "sr": 9.192625057723067}}