{"returned_dict": {"loss": 11.181446316840505, "r2": -48.87535258830755, "status": "ok", "start_time": 1607968910.9153655, "duration": 0.4702625274658203}, "current_params": {"N": 500, "iss": 0.9, "leak": 0.06320393424195375, "ridge": 1e-07, "seed": 1234, "sr": 0.2134224883769196}}