{"returned_dict": {"loss": 11.139116479285343, "r2": -48.01589996102751, "status": "ok", "start_time": 1607968844.6238892, "duration": 0.6797833442687988}, "current_params": {"N": 500, "iss": 0.9, "leak": 0.07593097949813243, "ridge": 1e-07, "seed": 1234, "sr": 0.18314879052787708}}