{"returned_dict": {"loss": 11.148115180041534, "r2": -48.344433886830636, "status": "ok", "start_time": 1607968735.5109081, "duration": 0.7096314430236816}, "current_params": {"N": 500, "iss": 0.9, "leak": 0.053751673326715974, "ridge": 1e-07, "seed": 1234, "sr": 0.3444465443649045}}