{"returned_dict": {"loss": 11.150789946217825, "r2": -49.328703628579994, "status": "ok", "start_time": 1607969023.0787387, "duration": 0.7460517883300781}, "current_params": {"N": 500, "iss": 0.9, "leak": 0.007451705514864063, "ridge": 1e-07, "seed": 1234, "sr": 8.876900887878}}