{"returned_dict": {"loss": 11.18136064354598, "r2": -48.70161414728955, "status": "ok", "start_time": 1607968974.6470869, "duration": 0.5884079933166504}, "current_params": {"N": 500, "iss": 0.9, "leak": 0.06826530957199267, "ridge": 1e-07, "seed": 1234, "sr": 0.21376720540943792}}