{"returned_dict": {"loss": 11.368631446124722, "r2": -52.35751785916176, "status": "ok", "start_time": 1607968686.3906314, "duration": 0.7256624698638916}, "current_params": {"N": 500, "iss": 0.9, "leak": 0.008351692422154153, "ridge": 1e-07, "seed": 1234, "sr": 4.409966119272873}}