{"returned_dict": {"loss": 11.371485459810634, "r2": -52.602772615554976, "status": "ok", "start_time": 1607968740.5135314, "duration": 0.716289758682251}, "current_params": {"N": 500, "iss": 0.9, "leak": 0.007739372917214642, "ridge": 1e-07, "seed": 1234, "sr": 5.710633101424291}}