{"returned_dict": {"loss": 11.406376710078552, "r2": -52.890035374049454, "status": "ok", "start_time": 1607968589.895199, "duration": 0.6127834320068359}, "current_params": {"N": 500, "iss": 0.9, "leak": 0.009577397135711322, "ridge": 1e-07, "seed": 1234, "sr": 5.6509845673450245}}