{"returned_dict": {"loss": 2.3774150631721667, "r2": -2.103084455172295, "status": "ok", "start_time": 1614167544.5692313, "duration": 0.9878814220428467}, "current_params": {"N": 500, "iss": 0.9, "leak": 0.15246748254295608, "ridge": 1e-07, "seed": 1234, "sr": 0.16994636371262759}}