{"returned_dict": {"loss": 5.392215696113077, "r2": -72.27161274990867, "status": "ok", "start_time": 1607968601.0829053, "duration": 0.7213923931121826}, "current_params": {"N": 500, "iss": 0.9, "leak": 0.6268266718265717, "ridge": 1e-07, "seed": 1234, "sr": 5.880282630169177}}