{"returned_dict": {"loss": 6.9663142529814985, "r2": -447.55090048025085, "status": "ok", "start_time": 1607968596.192225, "duration": 0.7415585517883301}, "current_params": {"N": 500, "iss": 0.9, "leak": 0.8101925097166026, "ridge": 1e-07, "seed": 1234, "sr": 7.676762546350439}}