{"returned_dict": {"loss": 7.849296429500147, "r2": -27.009586791342343, "status": "ok", "start_time": 1607968711.8095, "duration": 0.7046365737915039}, "current_params": {"N": 500, "iss": 0.9, "leak": 0.42657155574779, "ridge": 1e-07, "seed": 1234, "sr": 7.201586115125212}}