{"returned_dict": {"loss": 8.324346174844388, "r2": -21.17365638689038, "status": "ok", "start_time": 1607968977.4325004, "duration": 0.724329948425293}, "current_params": {"N": 500, "iss": 0.9, "leak": 0.9493840137358223, "ridge": 1e-07, "seed": 1234, "sr": 0.20664597527598016}}