{"returned_dict": {"loss": 8.32554922936427, "r2": -21.55658494879901, "status": "ok", "start_time": 1607968875.9673243, "duration": 0.6359803676605225}, "current_params": {"N": 500, "iss": 0.9, "leak": 0.9804508097173715, "ridge": 1e-07, "seed": 1234, "sr": 0.13724487419143264}}