{"returned_dict": {"loss": 8.37377097999083, "r2": -22.034902771778405, "status": "ok", "start_time": 1607968513.3256564, "duration": 0.7248799800872803}, "current_params": {"N": 500, "iss": 0.9, "leak": 0.8980394541911444, "ridge": 1e-07, "seed": 1234, "sr": 0.14813990086030757}}