{"returned_dict": {"loss": 8.428309714146506, "r2": -22.49715240777598, "status": "ok", "start_time": 1607968822.474728, "duration": 0.7186942100524902}, "current_params": {"N": 500, "iss": 0.9, "leak": 0.919633122336752, "ridge": 1e-07, "seed": 1234, "sr": 0.13152027346239664}}