{"returned_dict": {"loss": 8.585831900402988, "r2": -59.68523579833848, "status": "ok", "start_time": 1607968502.7000334, "duration": 0.7562901973724365}, "current_params": {"N": 500, "iss": 0.9, "leak": 0.697353415393913, "ridge": 1e-07, "seed": 1234, "sr": 3.697653643162617}}