{"returned_dict": {"loss": 8.585512269727817, "r2": -23.38399048628413, "status": "ok", "start_time": 1607968987.1081538, "duration": 0.5401344299316406}, "current_params": {"N": 500, "iss": 0.9, "leak": 0.6475149730212125, "ridge": 1e-07, "seed": 1234, "sr": 0.43561580391389165}}