{"returned_dict": {"loss": 8.64288426663841, "r2": -27.230949420023226, "status": "ok", "start_time": 1607968727.2695005, "duration": 0.7447075843811035}, "current_params": {"N": 500, "iss": 0.9, "leak": 0.2713703898963638, "ridge": 1e-07, "seed": 1234, "sr": 2.36399820569141}}