{"returned_dict": {"loss": 8.681571354878164, "r2": -24.502650114523288, "status": "ok", "start_time": 1607968825.7639391, "duration": 0.7329361438751221}, "current_params": {"N": 500, "iss": 0.9, "leak": 0.6177571561858272, "ridge": 1e-07, "seed": 1234, "sr": 0.5145420604597225}}