{"returned_dict": {"loss": 8.73462052824115, "r2": -26.146035491519285, "status": "ok", "start_time": 1607968975.9746745, "duration": 0.7387642860412598}, "current_params": {"N": 500, "iss": 0.9, "leak": 0.2069617489001124, "ridge": 1e-07, "seed": 1234, "sr": 1.2895188385481766}}