{"returned_dict": {"loss": 8.864540796459414, "r2": -26.13614236739158, "status": "ok", "start_time": 1607968579.2911894, "duration": 0.7109596729278564}, "current_params": {"N": 500, "iss": 0.9, "leak": 0.03576961713141791, "ridge": 1e-07, "seed": 1234, "sr": 0.04365279760190797}}