{"returned_dict": {"loss": 8.866347345172715, "r2": -26.340777489464973, "status": "ok", "start_time": 1607968944.2296205, "duration": 0.7154819965362549}, "current_params": {"N": 500, "iss": 0.9, "leak": 0.043392859966225834, "ridge": 1e-07, "seed": 1234, "sr": 0.03417666464151409}}