{"returned_dict": {"loss": 8.868809222568492, "r2": -26.00595203290615, "status": "ok", "start_time": 1607968917.3072894, "duration": 0.6819791793823242}, "current_params": {"N": 500, "iss": 0.9, "leak": 0.03869397741014545, "ridge": 1e-07, "seed": 1234, "sr": 0.04909489335529428}}