{"returned_dict": {"loss": 8.871105074685213, "r2": -26.231814026830676, "status": "ok", "start_time": 1607968853.013811, "duration": 0.6950416564941406}, "current_params": {"N": 500, "iss": 0.9, "leak": 0.034688827501674936, "ridge": 1e-07, "seed": 1234, "sr": 0.0419154375007351}}