{"returned_dict": {"loss": 8.87017468281874, "r2": -26.595797895064056, "status": "ok", "start_time": 1607968483.7204442, "duration": 0.7190990447998047}, "current_params": {"N": 500, "iss": 0.9, "leak": 0.05333932505983641, "ridge": 1e-07, "seed": 1234, "sr": 0.024764683837518325}}