{"returned_dict": {"loss": 8.8725542100648, "r2": -26.490438448405815, "status": "ok", "start_time": 1607968997.3426445, "duration": 0.7332534790039062}, "current_params": {"N": 500, "iss": 0.9, "leak": 0.04595209346713721, "ridge": 1e-07, "seed": 1234, "sr": 0.02992980264816783}}