{"returned_dict": {"loss": 8.922570057161186, "r2": -27.056548155864522, "status": "ok", "start_time": 1607968955.4783592, "duration": 0.7421257495880127}, "current_params": {"N": 500, "iss": 0.9, "leak": 0.05165865824332343, "ridge": 1e-07, "seed": 1234, "sr": 0.02047559206702793}}