{"returned_dict": {"loss": 8.943175193534218, "r2": -28.032185244779708, "status": "ok", "start_time": 1607968889.0843475, "duration": 0.6636278629302979}, "current_params": {"N": 500, "iss": 0.9, "leak": 0.7727075947570746, "ridge": 1e-07, "seed": 1234, "sr": 1.2317428943202704}}