{"returned_dict": {"loss": 8.958031600997005, "r2": -26.355266993255118, "status": "ok", "start_time": 1607968887.057344, "duration": 0.5280144214630127}, "current_params": {"N": 500, "iss": 0.9, "leak": 0.02411139747719955, "ridge": 1e-07, "seed": 1234, "sr": 0.08286367365486376}}