{"returned_dict": {"loss": 8.955678538190902, "r2": -27.750228367492983, "status": "ok", "start_time": 1607968947.0860035, "duration": 0.7349691390991211}, "current_params": {"N": 500, "iss": 0.9, "leak": 0.15817197381047018, "ridge": 1e-07, "seed": 1234, "sr": 1.4129234090265095}}