{"returned_dict": {"loss": 8.958550146865038, "r2": -25.785337120352906, "status": "ok", "start_time": 1607968867.9836245, "duration": 0.860771656036377}, "current_params": {"N": 500, "iss": 0.9, "leak": 0.14718869326175532, "ridge": 1e-07, "seed": 1234, "sr": 5.392623513148626}}