{"returned_dict": {"loss": 8.99247442897971, "r2": -25.479537904793236, "status": "ok", "start_time": 1607968850.0968392, "duration": 0.7083308696746826}, "current_params": {"N": 500, "iss": 0.9, "leak": 0.4824103230997461, "ridge": 1e-07, "seed": 1234, "sr": 0.7572780657245725}}