{"returned_dict": {"loss": 8.991042977491048, "r2": -26.664964653187507, "status": "ok", "start_time": 1607968835.5723588, "duration": 0.6846110820770264}, "current_params": {"N": 500, "iss": 0.9, "leak": 0.02096828035775846, "ridge": 1e-07, "seed": 1234, "sr": 0.08368077600528634}}