{"returned_dict": {"loss": 9.016984283729713, "r2": -27.70374461289499, "status": "ok", "start_time": 1607968850.8128605, "duration": 0.7406497001647949}, "current_params": {"N": 500, "iss": 0.9, "leak": 0.043853212097582084, "ridge": 1e-07, "seed": 1234, "sr": 0.019559912446317048}}