{"returned_dict": {"loss": 9.04646418745341, "r2": -26.804710532260742, "status": "ok", "start_time": 1607968988.9813383, "duration": 0.5987362861633301}, "current_params": {"N": 500, "iss": 0.9, "leak": 0.02971903048400674, "ridge": 1e-07, "seed": 1234, "sr": 0.09910271167606984}}