{"returned_dict": {"loss": 9.054496283995318, "r2": -28.117393016699953, "status": "ok", "start_time": 1607968855.908596, "duration": 0.7091224193572998}, "current_params": {"N": 500, "iss": 0.9, "leak": 0.06668294192742284, "ridge": 1e-07, "seed": 1234, "sr": 0.010991463732555423}}