{"returned_dict": {"loss": 9.061517435640544, "r2": -28.1727967441431, "status": "ok", "start_time": 1607968938.5075643, "duration": 0.7819619178771973}, "current_params": {"N": 500, "iss": 0.9, "leak": 0.058747746304744386, "ridge": 1e-07, "seed": 1234, "sr": 0.012462747091314489}}