{"returned_dict": {"loss": 9.106764519525685, "r2": -27.969583923403786, "status": "ok", "start_time": 1607968915.0922992, "duration": 0.720045804977417}, "current_params": {"N": 500, "iss": 0.9, "leak": 0.4614779269991061, "ridge": 1e-07, "seed": 1234, "sr": 1.0829385040634405}}