{"returned_dict": {"loss": 9.17542233764926, "r2": -28.302085282800533, "status": "ok", "start_time": 1607968750.2406518, "duration": 0.6803491115570068}, "current_params": {"N": 500, "iss": 0.9, "leak": 0.013150608705005494, "ridge": 1e-07, "seed": 1234, "sr": 0.08189176846577592}}