{"returned_dict": {"loss": 9.186988635290726, "r2": -28.61652226564711, "status": "ok", "start_time": 1607968863.0082424, "duration": 0.7491791248321533}, "current_params": {"N": 500, "iss": 0.9, "leak": 0.11584450673431541, "ridge": 1e-07, "seed": 1234, "sr": 0.013853973330544299}}