{"returned_dict": {"loss": 9.1854885444884, "r2": -29.535503080004062, "status": "ok", "start_time": 1607968731.2551777, "duration": 0.7130026817321777}, "current_params": {"N": 500, "iss": 0.9, "leak": 0.028257151081767615, "ridge": 1e-07, "seed": 1234, "sr": 9.23317058916524}}