{"returned_dict": {"loss": 9.195118742693808, "r2": -29.8999573863281, "status": "ok", "start_time": 1607968499.148538, "duration": 0.7127363681793213}, "current_params": {"N": 500, "iss": 0.9, "leak": 0.6773406858799, "ridge": 1e-07, "seed": 1234, "sr": 1.0855564031529716}}