{"returned_dict": {"loss": 9.201732663561247, "r2": -31.46371198183859, "status": "ok", "start_time": 1607968901.0742052, "duration": 0.7272131443023682}, "current_params": {"N": 500, "iss": 0.9, "leak": 0.54698181847921, "ridge": 1e-07, "seed": 1234, "sr": 1.9953165518843916}}