{"returned_dict": {"loss": 9.24926298038804, "r2": -28.637101200319716, "status": "ok", "start_time": 1607968800.1581287, "duration": 0.7144653797149658}, "current_params": {"N": 500, "iss": 0.9, "leak": 0.011599328246275247, "ridge": 1e-07, "seed": 1234, "sr": 0.11371093198509792}}