{"returned_dict": {"loss": 9.255907113430673, "r2": -28.316388128062286, "status": "ok", "start_time": 1607968824.3998702, "duration": 0.7019579410552979}, "current_params": {"N": 500, "iss": 0.9, "leak": 0.017961175286411085, "ridge": 1e-07, "seed": 1234, "sr": 0.15003394570306672}}