{"returned_dict": {"loss": 9.252850400982553, "r2": -29.23196949863792, "status": "ok", "start_time": 1607968580.0070617, "duration": 0.6418490409851074}, "current_params": {"N": 500, "iss": 0.9, "leak": 0.07670991870026303, "ridge": 1e-07, "seed": 1234, "sr": 0.03410367912881183}}