{"returned_dict": {"loss": 9.268496885510649, "r2": -27.396925858852427, "status": "ok", "start_time": 1607968506.2544553, "duration": 0.6411228179931641}, "current_params": {"N": 500, "iss": 0.9, "leak": 0.06337059612805443, "ridge": 1e-07, "seed": 1234, "sr": 0.882677278655123}}