{"returned_dict": {"loss": 9.270975553255665, "r2": -27.614964985017682, "status": "ok", "start_time": 1607968951.9299972, "duration": 0.7719824314117432}, "current_params": {"N": 500, "iss": 0.9, "leak": 0.042981243439905156, "ridge": 1e-07, "seed": 1234, "sr": 1.0507977115524743}}