{"returned_dict": {"loss": 9.28189778586626, "r2": -29.581366748146397, "status": "ok", "start_time": 1607968846.0641394, "duration": 0.5688076019287109}, "current_params": {"N": 500, "iss": 0.9, "leak": 0.036069688842069854, "ridge": 1e-07, "seed": 1234, "sr": 0.016310230155005906}}