{"returned_dict": {"loss": 9.298802088115304, "r2": -30.876548485351194, "status": "ok", "start_time": 1607968877.3710284, "duration": 0.6552417278289795}, "current_params": {"N": 500, "iss": 0.9, "leak": 0.19522370345907156, "ridge": 1e-07, "seed": 1234, "sr": 1.112204712343488}}