{"returned_dict": {"loss": 9.319948351593583, "r2": -28.53550114756797, "status": "ok", "start_time": 1607968874.5086837, "duration": 0.7343282699584961}, "current_params": {"N": 500, "iss": 0.9, "leak": 0.05179683363267167, "ridge": 1e-07, "seed": 1234, "sr": 1.5982384092732318}}