{"returned_dict": {"loss": 9.321957901232572, "r2": -29.24420130443663, "status": "ok", "start_time": 1607968511.1208313, "duration": 0.7340047359466553}, "current_params": {"N": 500, "iss": 0.9, "leak": 0.009935819429267363, "ridge": 1e-07, "seed": 1234, "sr": 0.12160001991786278}}