{"returned_dict": {"loss": 9.367047265525903, "r2": -29.80287895849497, "status": "ok", "start_time": 1607968884.966732, "duration": 0.7283251285552979}, "current_params": {"N": 500, "iss": 0.9, "leak": 0.010120502711307688, "ridge": 1e-07, "seed": 1234, "sr": 0.09099550977243728}}