{"returned_dict": {"loss": 9.36164468477349, "r2": -29.126939681111377, "status": "ok", "start_time": 1607969002.9695272, "duration": 0.40112829208374023}, "current_params": {"N": 500, "iss": 0.9, "leak": 0.012771213491352797, "ridge": 1e-07, "seed": 1234, "sr": 0.15787705267409974}}