{"returned_dict": {"loss": 9.376676861660862, "r2": -29.96164119024385, "status": "ok", "start_time": 1607968507.6352139, "duration": 0.6927964687347412}, "current_params": {"N": 500, "iss": 0.9, "leak": 0.13050237944088697, "ridge": 1e-07, "seed": 1234, "sr": 0.014096191762167658}}