{"returned_dict": {"loss": 9.40426614445933, "r2": -39.3154240672527, "status": "ok", "start_time": 1607968703.9527447, "duration": 0.739476203918457}, "current_params": {"N": 500, "iss": 0.9, "leak": 0.17955656038445184, "ridge": 1e-07, "seed": 1234, "sr": 3.5962189289915965}}