{"returned_dict": {"loss": 9.418092639059367, "r2": -33.43759110974969, "status": "ok", "start_time": 1607969019.646827, "duration": 0.7340071201324463}, "current_params": {"N": 500, "iss": 0.9, "leak": 0.3087277199085301, "ridge": 1e-07, "seed": 1234, "sr": 3.8432078478359224}}