{"returned_dict": {"loss": 9.421969807243345, "r2": -30.433257452303675, "status": "ok", "start_time": 1607968504.8221824, "duration": 0.7375271320343018}, "current_params": {"N": 500, "iss": 0.9, "leak": 0.023013474065282417, "ridge": 1e-07, "seed": 1234, "sr": 0.026377543222480395}}