{"returned_dict": {"loss": 9.431878938579091, "r2": -30.89090802432642, "status": "ok", "start_time": 1607969030.1378746, "duration": 0.713409423828125}, "current_params": {"N": 500, "iss": 0.9, "leak": 0.043275138258400264, "ridge": 1e-07, "seed": 1234, "sr": 0.01008734057142999}}