{"returned_dict": {"loss": 9.452230059229967, "r2": -32.267568689953166, "status": "ok", "start_time": 1607968922.287008, "duration": 0.758685827255249}, "current_params": {"N": 500, "iss": 0.9, "leak": 0.13317219445010012, "ridge": 1e-07, "seed": 1234, "sr": 1.2381042418791466}}