{"returned_dict": {"loss": 9.4627953196449, "r2": -31.50423887119261, "status": "ok", "start_time": 1607968859.556404, "duration": 0.693305253982544}, "current_params": {"N": 500, "iss": 0.9, "leak": 0.1322838050929777, "ridge": 1e-07, "seed": 1234, "sr": 2.441025609935877}}