{"returned_dict": {"loss": 9.469179879713886, "r2": -31.40982299904992, "status": "ok", "start_time": 1607968553.0071955, "duration": 0.5814337730407715}, "current_params": {"N": 500, "iss": 0.9, "leak": 0.07431611072187594, "ridge": 1e-07, "seed": 1234, "sr": 6.631154267215637}}