{"returned_dict": {"loss": 9.476436441818583, "r2": -30.82565181258127, "status": "ok", "start_time": 1607968828.4640985, "duration": 0.718151330947876}, "current_params": {"N": 500, "iss": 0.9, "leak": 0.0191898111867794, "ridge": 1e-07, "seed": 1234, "sr": 0.0320358721215123}}