{"returned_dict": {"loss": 9.47670931277972, "r2": -32.80851866949427, "status": "ok", "start_time": 1607968787.9245586, "duration": 0.6896331310272217}, "current_params": {"N": 500, "iss": 0.9, "leak": 0.06248229527676804, "ridge": 1e-07, "seed": 1234, "sr": 3.6891693218774297}}