{"returned_dict": {"loss": 9.504955277924228, "r2": -28.88789324751487, "status": "ok", "start_time": 1607968841.1899917, "duration": 0.6255607604980469}, "current_params": {"N": 500, "iss": 0.9, "leak": 0.11015999172074979, "ridge": 1e-07, "seed": 1234, "sr": 0.5851583801207075}}