{"returned_dict": {"loss": 9.50329866493427, "r2": -30.36118864988933, "status": "ok", "start_time": 1607968594.774658, "duration": 0.6920840740203857}, "current_params": {"N": 500, "iss": 0.9, "leak": 0.008274452840508203, "ridge": 1e-07, "seed": 1234, "sr": 0.19690292181953006}}