{"returned_dict": {"loss": 9.52325787877266, "r2": -30.358710646095005, "status": "ok", "start_time": 1607968967.2300012, "duration": 0.7145226001739502}, "current_params": {"N": 500, "iss": 0.9, "leak": 0.013131525920123135, "ridge": 1e-07, "seed": 1234, "sr": 0.2346610783604665}}