{"returned_dict": {"loss": 9.578608861052091, "r2": -30.720056871205173, "status": "ok", "start_time": 1607968894.0408666, "duration": 0.7107598781585693}, "current_params": {"N": 500, "iss": 0.9, "leak": 0.010943560036235157, "ridge": 1e-07, "seed": 1234, "sr": 0.24846316750002584}}