{"returned_dict": {"loss": 9.58862482078326, "r2": -31.4936437132383, "status": "ok", "start_time": 1607968933.6214395, "duration": 0.7111999988555908}, "current_params": {"N": 500, "iss": 0.9, "leak": 0.006031015601919412, "ridge": 1e-07, "seed": 1234, "sr": 0.18871063236364632}}