{"returned_dict": {"loss": 9.587826200902512, "r2": -31.17941884672122, "status": "ok", "start_time": 1607968586.413762, "duration": 0.7125828266143799}, "current_params": {"N": 500, "iss": 0.9, "leak": 0.006502314450932824, "ridge": 1e-07, "seed": 1234, "sr": 0.23597202373679746}}