{"returned_dict": {"loss": 9.593042091550544, "r2": -31.298444413865965, "status": "ok", "start_time": 1607969000.3078284, "duration": 0.6156511306762695}, "current_params": {"N": 500, "iss": 0.9, "leak": 0.03046670492971391, "ridge": 1e-07, "seed": 1234, "sr": 2.823204359241026}}