{"returned_dict": {"loss": 9.606178232853418, "r2": -31.773997816373974, "status": "ok", "start_time": 1607968908.1007094, "duration": 0.7514934539794922}, "current_params": {"N": 500, "iss": 0.9, "leak": 0.007305795023723483, "ridge": 1e-07, "seed": 1234, "sr": 0.11376480511342296}}