{"returned_dict": {"loss": 9.635672580720675, "r2": -32.081507614627576, "status": "ok", "start_time": 1607968799.449108, "duration": 0.7020409107208252}, "current_params": {"N": 500, "iss": 0.9, "leak": 0.012541967086957715, "ridge": 1e-07, "seed": 1234, "sr": 0.048997007925232455}}