{"returned_dict": {"loss": 9.632366011237028, "r2": -31.320121394888588, "status": "ok", "start_time": 1607968891.1886823, "duration": 0.672539472579956}, "current_params": {"N": 500, "iss": 0.9, "leak": 0.011963199735291578, "ridge": 1e-07, "seed": 1234, "sr": 0.3082899296709734}}