{"returned_dict": {"loss": 9.64399038336243, "r2": -32.41349266065415, "status": "ok", "start_time": 1607968973.072299, "duration": 0.6967036724090576}, "current_params": {"N": 500, "iss": 0.9, "leak": 0.03406003053046217, "ridge": 1e-07, "seed": 1234, "sr": 0.011917908668781172}}