{"returned_dict": {"loss": 9.658908646066982, "r2": -32.25327174681519, "status": "ok", "start_time": 1607968956.983827, "duration": 0.7438621520996094}, "current_params": {"N": 500, "iss": 0.9, "leak": 0.007867949365056474, "ridge": 1e-07, "seed": 1234, "sr": 0.09334365527951273}}