{"returned_dict": {"loss": 9.650837063321937, "r2": -32.54291349086426, "status": "ok", "start_time": 1607969025.245001, "duration": 0.5254833698272705}, "current_params": {"N": 500, "iss": 0.9, "leak": 0.037112224866738514, "ridge": 1e-07, "seed": 1234, "sr": 0.010156343752315947}}