{"returned_dict": {"loss": 9.666626712277724, "r2": -32.20055910168994, "status": "ok", "start_time": 1607968973.7757022, "duration": 0.8558535575866699}, "current_params": {"N": 500, "iss": 0.9, "leak": 0.005001590594965059, "ridge": 1e-07, "seed": 1234, "sr": 0.24975106302290379}}