{"returned_dict": {"loss": 9.663437550260644, "r2": -31.669719962589323, "status": "ok", "start_time": 1607968981.6631966, "duration": 0.7276320457458496}, "current_params": {"N": 500, "iss": 0.9, "leak": 0.046675218081906424, "ridge": 1e-07, "seed": 1234, "sr": 0.10002009911983871}}