{"returned_dict": {"loss": 9.684107372263666, "r2": -32.238543869520235, "status": "ok", "start_time": 1607968823.6952627, "duration": 0.6992185115814209}, "current_params": {"N": 500, "iss": 0.9, "leak": 0.01341606193060662, "ridge": 1e-07, "seed": 1234, "sr": 0.648560359663354}}