{"returned_dict": {"loss": 9.68516759098862, "r2": -32.030580880822264, "status": "ok", "start_time": 1607968990.9138763, "duration": 0.7295196056365967}, "current_params": {"N": 500, "iss": 0.9, "leak": 0.005371584209894387, "ridge": 1e-07, "seed": 1234, "sr": 0.312766191521222}}