{"returned_dict": {"loss": 9.69102437399021, "r2": -32.43272104910614, "status": "ok", "start_time": 1607968499.8658168, "duration": 0.613976001739502}, "current_params": {"N": 500, "iss": 0.9, "leak": 0.011030900713942898, "ridge": 1e-07, "seed": 1234, "sr": 0.910829371114146}}