{"returned_dict": {"loss": 9.712620223986109, "r2": -34.578204645044195, "status": "ok", "start_time": 1607968689.9205039, "duration": 0.7054333686828613}, "current_params": {"N": 500, "iss": 0.9, "leak": 0.11043770524701503, "ridge": 1e-07, "seed": 1234, "sr": 1.1921512437631747}}