{"returned_dict": {"loss": 9.716752032457675, "r2": -32.76212916301088, "status": "ok", "start_time": 1607968576.4187958, "duration": 0.7027037143707275}, "current_params": {"N": 500, "iss": 0.9, "leak": 0.009119825035770707, "ridge": 1e-07, "seed": 1234, "sr": 0.07030945715241332}}