{"returned_dict": {"loss": 9.739613024435917, "r2": -32.025683589056776, "status": "ok", "start_time": 1607968751.5786107, "duration": 0.6774101257324219}, "current_params": {"N": 500, "iss": 0.9, "leak": 0.008398317281101665, "ridge": 1e-07, "seed": 1234, "sr": 0.3798456733740158}}