{"returned_dict": {"loss": 9.730805442877731, "r2": -31.16078422416767, "status": "ok", "start_time": 1607968868.8544347, "duration": 0.7049593925476074}, "current_params": {"N": 500, "iss": 0.9, "leak": 0.16586372112558034, "ridge": 1e-07, "seed": 1234, "sr": 0.35305033799313545}}