{"returned_dict": {"loss": 9.731442812532258, "r2": -33.023857094192486, "status": "ok", "start_time": 1607968884.2901514, "duration": 0.6707155704498291}, "current_params": {"N": 500, "iss": 0.9, "leak": 0.016947001886374345, "ridge": 1e-07, "seed": 1234, "sr": 0.6455479692667504}}