{"returned_dict": {"loss": 9.748277300999804, "r2": -32.17757489705374, "status": "ok", "start_time": 1607968482.9982095, "duration": 0.7116782665252686}, "current_params": {"N": 500, "iss": 0.9, "leak": 0.008918792920211147, "ridge": 1e-07, "seed": 1234, "sr": 0.4127025983224951}}