{"returned_dict": {"loss": 9.748853039994762, "r2": -32.33633573253067, "status": "ok", "start_time": 1607968795.1044233, "duration": 0.7123510837554932}, "current_params": {"N": 500, "iss": 0.9, "leak": 0.00976073803273475, "ridge": 1e-07, "seed": 1234, "sr": 0.45237037811079206}}