{"returned_dict": {"loss": 9.753299142296047, "r2": -33.12834679540643, "status": "ok", "start_time": 1607968851.5631313, "duration": 0.6773941516876221}, "current_params": {"N": 500, "iss": 0.9, "leak": 0.025427231910558918, "ridge": 1e-07, "seed": 1234, "sr": 0.01732877704501494}}