{"returned_dict": {"loss": 9.759323596125071, "r2": -32.185711179807306, "status": "ok", "start_time": 1607968556.4289906, "duration": 0.7185854911804199}, "current_params": {"N": 500, "iss": 0.9, "leak": 0.006977733145811531, "ridge": 1e-07, "seed": 1234, "sr": 0.3850296097660545}}