{"returned_dict": {"loss": 9.767405963276573, "r2": -37.39163187981029, "status": "ok", "start_time": 1607968985.1993234, "duration": 0.4272036552429199}, "current_params": {"N": 500, "iss": 0.9, "leak": 0.28460641001120895, "ridge": 1e-07, "seed": 1234, "sr": 2.709448963823401}}