{"returned_dict": {"loss": 9.76365567346704, "r2": -36.61692304792708, "status": "ok", "start_time": 1607968893.3023074, "duration": 0.7207727432250977}, "current_params": {"N": 500, "iss": 0.9, "leak": 0.24826911965590012, "ridge": 1e-07, "seed": 1234, "sr": 4.485771941837076}}