{"returned_dict": {"loss": 9.778292041479803, "r2": -32.3579092763244, "status": "ok", "start_time": 1607969020.3944268, "duration": 0.7012457847595215}, "current_params": {"N": 500, "iss": 0.9, "leak": 0.0077703362368242695, "ridge": 1e-07, "seed": 1234, "sr": 0.4348286886312636}}