{"returned_dict": {"loss": 9.774734557454677, "r2": -33.4030936127108, "status": "ok", "start_time": 1607968485.9057066, "duration": 0.7335793972015381}, "current_params": {"N": 500, "iss": 0.9, "leak": 0.003565937735360663, "ridge": 1e-07, "seed": 1234, "sr": 0.40707260180747346}}