{"returned_dict": {"loss": 9.771385903333927, "r2": -33.48701273511978, "status": "ok", "start_time": 1607969013.8361676, "duration": 0.6979601383209229}, "current_params": {"N": 500, "iss": 0.9, "leak": 0.07831546988055278, "ridge": 1e-07, "seed": 1234, "sr": 0.04943872498695129}}