{"returned_dict": {"loss": 9.789482521013356, "r2": -32.839686432161706, "status": "ok", "start_time": 1607968937.891552, "duration": 0.6082131862640381}, "current_params": {"N": 500, "iss": 0.9, "leak": 0.029462232018288036, "ridge": 1e-07, "seed": 1234, "sr": 3.010878730020013}}