{"returned_dict": {"loss": 9.780231249636598, "r2": -33.749000558920976, "status": "ok", "start_time": 1607968876.609099, "duration": 0.7576107978820801}, "current_params": {"N": 500, "iss": 0.9, "leak": 0.013424720807068184, "ridge": 1e-07, "seed": 1234, "sr": 0.9755159067699344}}