{"returned_dict": {"loss": 9.783549405835045, "r2": -33.121133803716766, "status": "ok", "start_time": 1607968810.6411011, "duration": 0.4973914623260498}, "current_params": {"N": 500, "iss": 0.9, "leak": 0.009031237902918158, "ridge": 1e-07, "seed": 1234, "sr": 1.0947456869736707}}