{"returned_dict": {"loss": 9.795044670097797, "r2": -42.07788190570226, "status": "ok", "start_time": 1607968891.86904, "duration": 0.7462887763977051}, "current_params": {"N": 500, "iss": 0.9, "leak": 0.17849562032166733, "ridge": 1e-07, "seed": 1234, "sr": 2.5348229102325566}}