{"returned_dict": {"loss": 9.794005753691357, "r2": -32.69182665500727, "status": "ok", "start_time": 1607968584.2730174, "duration": 0.7348814010620117}, "current_params": {"N": 500, "iss": 0.9, "leak": 0.008610560691386434, "ridge": 1e-07, "seed": 1234, "sr": 0.5412979928364228}}