{"returned_dict": {"loss": 9.791735831577974, "r2": -33.17855635086894, "status": "ok", "start_time": 1607968525.9200673, "duration": 0.6964914798736572}, "current_params": {"N": 500, "iss": 0.9, "leak": 0.17218043678321832, "ridge": 1e-07, "seed": 1234, "sr": 0.013447367485272664}}