{"returned_dict": {"loss": 9.793216527068703, "r2": -32.82061947488575, "status": "ok", "start_time": 1607968703.2493923, "duration": 0.6991043090820312}, "current_params": {"N": 500, "iss": 0.9, "leak": 0.030883150583371908, "ridge": 1e-07, "seed": 1234, "sr": 0.19920238168136042}}