{"returned_dict": {"loss": 9.79255082172871, "r2": -31.990312355560135, "status": "ok", "start_time": 1607968534.9379568, "duration": 0.7139246463775635}, "current_params": {"N": 500, "iss": 0.9, "leak": 0.15797298066341486, "ridge": 1e-07, "seed": 1234, "sr": 0.5596249727279062}}