{"returned_dict": {"loss": 9.806677497785792, "r2": -32.61434534731601, "status": "ok", "start_time": 1607968988.2638357, "duration": 0.7083470821380615}, "current_params": {"N": 500, "iss": 0.9, "leak": 0.006190219192712228, "ridge": 1e-07, "seed": 1234, "sr": 0.4519098788810197}}