{"returned_dict": {"loss": 9.800218975478302, "r2": -34.819945575126795, "status": "ok", "start_time": 1607968962.0389721, "duration": 0.7265574932098389}, "current_params": {"N": 500, "iss": 0.9, "leak": 0.6259078551205173, "ridge": 1e-07, "seed": 1234, "sr": 0.09978386181183559}}