{"returned_dict": {"loss": 9.810320944204193, "r2": -32.22579432800667, "status": "ok", "start_time": 1607968918.0005193, "duration": 0.695559024810791}, "current_params": {"N": 500, "iss": 0.9, "leak": 0.05739156541728907, "ridge": 1e-07, "seed": 1234, "sr": 0.7230700732088688}}