{"returned_dict": {"loss": 9.816380241965206, "r2": -34.49719095751593, "status": "ok", "start_time": 1607968972.2621915, "duration": 0.7981858253479004}, "current_params": {"N": 500, "iss": 0.9, "leak": 0.5467522551059415, "ridge": 1e-07, "seed": 1234, "sr": 0.1493828889403594}}