{"returned_dict": {"loss": 9.828123057257985, "r2": -42.173738032862744, "status": "ok", "start_time": 1607968775.108212, "duration": 0.7262370586395264}, "current_params": {"N": 500, "iss": 0.9, "leak": 0.2523127734644823, "ridge": 1e-07, "seed": 1234, "sr": 6.133798475558101}}