{"returned_dict": {"loss": 9.822783487333906, "r2": -32.28448216771536, "status": "ok", "start_time": 1607968790.022642, "duration": 0.7110388278961182}, "current_params": {"N": 500, "iss": 0.9, "leak": 0.05989958034095827, "ridge": 1e-07, "seed": 1234, "sr": 0.6952313795098997}}