{"returned_dict": {"loss": 9.834129092406586, "r2": -36.243971831935205, "status": "ok", "start_time": 1607968980.9490852, "duration": 0.7090868949890137}, "current_params": {"N": 500, "iss": 0.9, "leak": 0.08740485340287985, "ridge": 1e-07, "seed": 1234, "sr": 2.5817595460981972}}