{"returned_dict": {"loss": 9.839922099138194, "r2": -33.63370923098935, "status": "ok", "start_time": 1607968829.19239, "duration": 0.7334096431732178}, "current_params": {"N": 500, "iss": 0.9, "leak": 0.003553112718432722, "ridge": 1e-07, "seed": 1234, "sr": 0.5963576954399396}}