{"returned_dict": {"loss": 9.83514660154016, "r2": -34.62835607177934, "status": "ok", "start_time": 1607968953.405196, "duration": 0.6509504318237305}, "current_params": {"N": 500, "iss": 0.9, "leak": 0.0016837029562986811, "ridge": 1e-07, "seed": 1234, "sr": 1.553103310143096}}