{"returned_dict": {"loss": 9.831539416522999, "r2": -32.46101458458467, "status": "ok", "start_time": 1607968788.6240885, "duration": 0.6841819286346436}, "current_params": {"N": 500, "iss": 0.9, "leak": 0.2162877969551473, "ridge": 1e-07, "seed": 1234, "sr": 0.20514359931830164}}