{"returned_dict": {"loss": 9.841986776439688, "r2": -47.89480293172608, "status": "ok", "start_time": 1607968562.7215126, "duration": 0.6886398792266846}, "current_params": {"N": 500, "iss": 0.9, "leak": 0.538488408312156, "ridge": 1e-07, "seed": 1234, "sr": 3.5209464003136026}}