{"returned_dict": {"loss": 9.854368576169575, "r2": -34.536307485548825, "status": "ok", "start_time": 1607968896.9466934, "duration": 0.6012978553771973}, "current_params": {"N": 500, "iss": 0.9, "leak": 0.0161013054366305, "ridge": 1e-07, "seed": 1234, "sr": 0.8724844522177786}}