{"returned_dict": {"loss": 9.877988691554538, "r2": -33.398673478931634, "status": "ok", "start_time": 1607968967.9509614, "duration": 0.769676923751831}, "current_params": {"N": 500, "iss": 0.9, "leak": 0.004688812498659601, "ridge": 1e-07, "seed": 1234, "sr": 0.5981896076621662}}