{"returned_dict": {"loss": 9.876620552674295, "r2": -33.136909423279576, "status": "ok", "start_time": 1607969016.7210321, "duration": 0.7075250148773193}, "current_params": {"N": 500, "iss": 0.9, "leak": 0.022333691846573085, "ridge": 1e-07, "seed": 1234, "sr": 1.9672746991619023}}