{"returned_dict": {"loss": 9.889129013692404, "r2": -33.81716797858535, "status": "ok", "start_time": 1607968998.8498092, "duration": 0.7047915458679199}, "current_params": {"N": 500, "iss": 0.9, "leak": 0.2887697273331712, "ridge": 1e-07, "seed": 1234, "sr": 0.23862384152905583}}