{"returned_dict": {"loss": 9.884985599830935, "r2": -34.68143664320457, "status": "ok", "start_time": 1607968807.832872, "duration": 0.7031364440917969}, "current_params": {"N": 500, "iss": 0.9, "leak": 0.09363821738761663, "ridge": 1e-07, "seed": 1234, "sr": 0.0410305860681765}}