{"returned_dict": {"loss": 9.883667291035506, "r2": -34.85145712913424, "status": "ok", "start_time": 1607968778.8208277, "duration": 0.7232270240783691}, "current_params": {"N": 500, "iss": 0.9, "leak": 0.001688600938715481, "ridge": 1e-07, "seed": 1234, "sr": 1.7947886336720626}}