{"returned_dict": {"loss": 9.89243613902263, "r2": -34.318700772237165, "status": "ok", "start_time": 1607968845.3092613, "duration": 0.7436637878417969}, "current_params": {"N": 500, "iss": 0.9, "leak": 0.002807293613062133, "ridge": 1e-07, "seed": 1234, "sr": 0.8744163343083069}}