{"returned_dict": {"loss": 9.895632238718248, "r2": -34.38821410583803, "status": "ok", "start_time": 1607968958.4640496, "duration": 0.8018882274627686}, "current_params": {"N": 500, "iss": 0.9, "leak": 0.007564762072316124, "ridge": 1e-07, "seed": 1234, "sr": 0.07654981140808999}}