{"returned_dict": {"loss": 9.903715347979977, "r2": -34.87821195328027, "status": "ok", "start_time": 1607968708.8651247, "duration": 0.7596242427825928}, "current_params": {"N": 500, "iss": 0.9, "leak": 0.22689267821752343, "ridge": 1e-07, "seed": 1234, "sr": 0.6936170311827753}}