{"returned_dict": {"loss": 9.9007916245679, "r2": -34.33834528589613, "status": "ok", "start_time": 1607968819.7042367, "duration": 0.6248900890350342}, "current_params": {"N": 500, "iss": 0.9, "leak": 0.022018446785432987, "ridge": 1e-07, "seed": 1234, "sr": 0.41731016551174954}}