{"returned_dict": {"loss": 9.900734207767293, "r2": -33.47497529303582, "status": "ok", "start_time": 1607969009.0053089, "duration": 0.7390978336334229}, "current_params": {"N": 500, "iss": 0.9, "leak": 0.3096373661912519, "ridge": 1e-07, "seed": 1234, "sr": 0.1699344171375253}}