{"returned_dict": {"loss": 9.913957370006004, "r2": -35.714430232416085, "status": "ok", "start_time": 1607968975.2420163, "duration": 0.7270870208740234}, "current_params": {"N": 500, "iss": 0.9, "leak": 0.5661233391938898, "ridge": 1e-07, "seed": 1234, "sr": 0.10258110326691271}}