{"returned_dict": {"loss": 9.936101288317367, "r2": -35.849653598278415, "status": "ok", "start_time": 1607968805.8361082, "duration": 0.7505347728729248}, "current_params": {"N": 500, "iss": 0.9, "leak": 0.0018583053547698806, "ridge": 1e-07, "seed": 1234, "sr": 0.7699411612060199}}