{"returned_dict": {"loss": 9.967027843437803, "r2": -36.28444059357701, "status": "ok", "start_time": 1607968574.355006, "duration": 0.7356197834014893}, "current_params": {"N": 500, "iss": 0.9, "leak": 0.12193023851983661, "ridge": 1e-07, "seed": 1234, "sr": 0.9223760546534245}}