{"returned_dict": {"loss": 9.960821496084113, "r2": -34.92935766858731, "status": "ok", "start_time": 1607968521.0415075, "duration": 0.7284038066864014}, "current_params": {"N": 500, "iss": 0.9, "leak": 0.009332784283051723, "ridge": 1e-07, "seed": 1234, "sr": 0.054575497668002834}}