{"returned_dict": {"loss": 9.968806140520666, "r2": -35.136270970696394, "status": "ok", "start_time": 1607968749.4586039, "duration": 0.7742633819580078}, "current_params": {"N": 500, "iss": 0.9, "leak": 0.0020541280224869005, "ridge": 1e-07, "seed": 1234, "sr": 1.605578033362893}}