{"returned_dict": {"loss": 9.972031990170843, "r2": -34.968495181041185, "status": "ok", "start_time": 1607968748.768111, "duration": 0.6837601661682129}, "current_params": {"N": 500, "iss": 0.9, "leak": 0.012220908849052518, "ridge": 1e-07, "seed": 1234, "sr": 0.03875413556914146}}