{"returned_dict": {"loss": 9.986590559579497, "r2": -35.380583204567664, "status": "ok", "start_time": 1607968598.4072683, "duration": 0.6095874309539795}, "current_params": {"N": 500, "iss": 0.9, "leak": 0.008442881071439437, "ridge": 1e-07, "seed": 1234, "sr": 1.4512608152832702}}