{"returned_dict": {"loss": 9.990450680317293, "r2": -37.45939936618, "status": "ok", "start_time": 1607968776.5917456, "duration": 0.7877142429351807}, "current_params": {"N": 500, "iss": 0.9, "leak": 0.16258802911650788, "ridge": 1e-07, "seed": 1234, "sr": 8.933226068500979}}