{"returned_dict": {"loss": 9.996552619925499, "r2": -35.72190195629104, "status": "ok", "start_time": 1607968591.8167741, "duration": 0.7473692893981934}, "current_params": {"N": 500, "iss": 0.9, "leak": 0.00974321661764278, "ridge": 1e-07, "seed": 1234, "sr": 1.3535978672905609}}