{"returned_dict": {"loss": 10.201158935067918, "r2": -84.80264239447774, "status": "ok", "start_time": 1607966785.6630116, "duration": 4.179563045501709}, "current_params": {"N": 500, "iss": 0.9, "leak": 0.0032437193188161453, "ridge": 1e-07, "seed": 1234, "sr": 0.01194916844224899}}