{"returned_dict": {"loss": 105.83500887830998, "r2": -417.1359420121789, "status": "ok", "start_time": 1607966628.158203, "duration": 4.68227744102478}, "current_params": {"N": 500, "iss": 0.9, "leak": 0.0011973342086568095, "ridge": 1e-07, "seed": 1234, "sr": 2.2062879106771525}}