{"returned_dict": {"loss": 11.136973533851341, "r2": -87.04581729766095, "status": "ok", "start_time": 1607966904.6489558, "duration": 4.406895637512207}, "current_params": {"N": 500, "iss": 0.9, "leak": 0.0026548164812666584, "ridge": 1e-07, "seed": 1234, "sr": 0.010458506616168168}}