{"returned_dict": {"loss": 11.671777836636442, "r2": -89.45184199728602, "status": "ok", "start_time": 1607966201.5771327, "duration": 4.380845069885254}, "current_params": {"N": 500, "iss": 0.9, "leak": 0.0021567622892840893, "ridge": 1e-07, "seed": 1234, "sr": 0.014612146704135845}}