{"returned_dict": {"loss": 11.679536607904131, "r2": -94.81854934902117, "status": "ok", "start_time": 1607966676.87971, "duration": 4.342716455459595}, "current_params": {"N": 500, "iss": 0.9, "leak": 0.0013961790847049802, "ridge": 1e-07, "seed": 1234, "sr": 0.19325861820899828}}