{"returned_dict": {"loss": 11.72198212090891, "r2": -89.73930285232376, "status": "ok", "start_time": 1607966681.2266114, "duration": 4.261967658996582}, "current_params": {"N": 500, "iss": 0.9, "leak": 0.0020937547206563052, "ridge": 1e-07, "seed": 1234, "sr": 0.020922340991553857}}