{"returned_dict": {"loss": 11.912399665726804, "r2": -93.10126151667275, "status": "ok", "start_time": 1607966192.31622, "duration": 4.356762170791626}, "current_params": {"N": 500, "iss": 0.9, "leak": 0.0013613238817781767, "ridge": 1e-07, "seed": 1234, "sr": 0.1443633376250832}}