{"returned_dict": {"loss": 1169.8062707204392, "r2": -323.22110911365024, "status": "ok", "start_time": 1607966755.3263736, "duration": 4.5694499015808105}, "current_params": {"N": 500, "iss": 0.9, "leak": 0.0028744090928642845, "ridge": 1e-07, "seed": 1234, "sr": 4.85123258949769}}