{"returned_dict": {"loss": 12.097916283403224, "r2": -88.82981776838183, "status": "ok", "start_time": 1607966210.4183815, "duration": 4.1557817459106445}, "current_params": {"N": 500, "iss": 0.9, "leak": 0.002317080993711365, "ridge": 1e-07, "seed": 1234, "sr": 0.09538071745960744}}