{"returned_dict": {"loss": 12.212546160392792, "r2": -88.52954559306922, "status": "ok", "start_time": 1607966094.3613052, "duration": 4.221877574920654}, "current_params": {"N": 500, "iss": 0.9, "leak": 0.0023835343823358675, "ridge": 1e-07, "seed": 1234, "sr": 0.08657688130998294}}