{"returned_dict": {"loss": 12.228069915618272, "r2": -87.74457758550489, "status": "ok", "start_time": 1607966798.8859127, "duration": 4.3306543827056885}, "current_params": {"N": 500, "iss": 0.9, "leak": 0.0025051185435716783, "ridge": 1e-07, "seed": 1234, "sr": 0.06477142923267232}}