{"returned_dict": {"loss": 12.77076927850463, "r2": -94.53432180258757, "status": "ok", "start_time": 1607966698.5996292, "duration": 4.223488807678223}, "current_params": {"N": 500, "iss": 0.9, "leak": 0.0013985581615739244, "ridge": 1e-07, "seed": 1234, "sr": 0.017419390717172672}}