{"returned_dict": {"loss": 12.894056556398887, "r2": -93.94938321254999, "status": "ok", "start_time": 1607966478.2223277, "duration": 4.453780651092529}, "current_params": {"N": 500, "iss": 0.9, "leak": 0.0014317344632329909, "ridge": 1e-07, "seed": 1234, "sr": 0.013510112835609179}}