{"returned_dict": {"loss": 1211.317789154071, "r2": -1128.697178992028, "status": "ok", "start_time": 1607966878.1411014, "duration": 4.418759346008301}, "current_params": {"N": 500, "iss": 0.9, "leak": 0.016145580538798002, "ridge": 1e-07, "seed": 1234, "sr": 3.2647401758354775}}