{"returned_dict": {"loss": 1252.673810796725, "r2": -242.04796416643407, "status": "ok", "start_time": 1607966482.680046, "duration": 4.670872688293457}, "current_params": {"N": 500, "iss": 0.9, "leak": 0.001266720022118703, "ridge": 1e-07, "seed": 1234, "sr": 8.455083944525391}}