{"returned_dict": {"loss": 1282.8369268727135, "r2": -166.7510366702199, "status": "ok", "start_time": 1607966900.1825657, "duration": 4.461941480636597}, "current_params": {"N": 500, "iss": 0.9, "leak": 0.011177389445038903, "ridge": 1e-07, "seed": 1234, "sr": 2.498367157512738}}