{"returned_dict": {"loss": 13.070398723388694, "r2": -94.35054194958173, "status": "ok", "start_time": 1607966560.7811382, "duration": 4.515570163726807}, "current_params": {"N": 500, "iss": 0.9, "leak": 0.0013585736914901074, "ridge": 1e-07, "seed": 1234, "sr": 0.013254231791975959}}