{"returned_dict": {"loss": 13.255231825650824, "r2": -96.23323840962006, "status": "ok", "start_time": 1607966935.967595, "duration": 4.5511884689331055}, "current_params": {"N": 500, "iss": 0.9, "leak": 0.0012607521578022133, "ridge": 1e-07, "seed": 1234, "sr": 0.03439008505178742}}