{"returned_dict": {"loss": 14.135733256369994, "r2": -124.96530986956817, "status": "ok", "start_time": 1607966546.6981587, "duration": 4.756120204925537}, "current_params": {"N": 500, "iss": 0.9, "leak": 0.0010056009809131336, "ridge": 1e-07, "seed": 1234, "sr": 1.0113277854026494}}