{"returned_dict": {"loss": 14.70152195355631, "r2": -91.14500828388908, "status": "ok", "start_time": 1607966287.0076134, "duration": 4.604917287826538}, "current_params": {"N": 500, "iss": 0.9, "leak": 0.00587030703134317, "ridge": 1e-07, "seed": 1234, "sr": 0.1395387402890929}}