{"returned_dict": {"loss": 14.86959894646511, "r2": -236.46395310467582, "status": "ok", "start_time": 1607966156.2099638, "duration": 4.598829984664917}, "current_params": {"N": 500, "iss": 0.9, "leak": 0.9139894462529203, "ridge": 1e-07, "seed": 1234, "sr": 6.530049005449941}}