{"returned_dict": {"loss": 14.811395887278296, "r2": -93.61089000180228, "status": "ok", "start_time": 1607966873.7554257, "duration": 4.380366086959839}, "current_params": {"N": 500, "iss": 0.9, "leak": 0.005677501552866828, "ridge": 1e-07, "seed": 1234, "sr": 0.15342595689189228}}