{"returned_dict": {"loss": 143.61216124747122, "r2": -358.07446259464547, "status": "ok", "start_time": 1607966089.840998, "duration": 4.516764163970947}, "current_params": {"N": 500, "iss": 0.9, "leak": 0.05827671433877293, "ridge": 1e-07, "seed": 1234, "sr": 1.756453313246586}}