{"returned_dict": {"loss": 154.39456534193593, "r2": -293.85689716283366, "status": "ok", "start_time": 1607966196.6790934, "duration": 4.8881916999816895}, "current_params": {"N": 500, "iss": 0.9, "leak": 0.03331815064934612, "ridge": 1e-07, "seed": 1234, "sr": 6.786504198365627}}