{"returned_dict": {"loss": 17.0124927157276, "r2": -138.47703741799452, "status": "ok", "start_time": 1607966825.5643058, "duration": 4.441150426864624}, "current_params": {"N": 500, "iss": 0.9, "leak": 0.9215561388500572, "ridge": 1e-07, "seed": 1234, "sr": 3.669664425747834}}