{"returned_dict": {"loss": 17.664180311533467, "r2": -173.73949750701277, "status": "ok", "start_time": 1607966446.201715, "duration": 4.467270374298096}, "current_params": {"N": 500, "iss": 0.9, "leak": 0.0012867341414186466, "ridge": 1e-07, "seed": 1234, "sr": 0.6398657616692698}}