{"returned_dict": {"loss": 1815.8673110679308, "r2": -511.4298710290224, "status": "ok", "start_time": 1607966950.1805327, "duration": 4.450595855712891}, "current_params": {"N": 500, "iss": 0.9, "leak": 0.0021869198686001053, "ridge": 1e-07, "seed": 1234, "sr": 7.977426176699846}}