{"returned_dict": {"loss": 1936.5173578192218, "r2": -806.5699681857704, "status": "ok", "start_time": 1607966169.7241511, "duration": 4.754317998886108}, "current_params": {"N": 500, "iss": 0.9, "leak": 0.012970693669336094, "ridge": 1e-07, "seed": 1234, "sr": 7.314640851672341}}