{"returned_dict": {"loss": 20.353170172807676, "r2": -83.97428280629562, "status": "ok", "start_time": 1607966133.6831913, "duration": 4.552378416061401}, "current_params": {"N": 500, "iss": 0.9, "leak": 0.010646622788709596, "ridge": 1e-07, "seed": 1234, "sr": 0.05402415560439834}}