{"returned_dict": {"loss": 21.427101797142466, "r2": -151.2780176917776, "status": "ok", "start_time": 1607966409.5197258, "duration": 4.7898640632629395}, "current_params": {"N": 500, "iss": 0.9, "leak": 0.14952176469748402, "ridge": 1e-07, "seed": 1234, "sr": 2.11470745197821}}