{"returned_dict": {"loss": 22.702158797159836, "r2": -85.06678224251756, "status": "ok", "start_time": 1607966232.4070334, "duration": 4.392072677612305}, "current_params": {"N": 500, "iss": 0.9, "leak": 0.012202808329186722, "ridge": 1e-07, "seed": 1234, "sr": 0.010160131668182693}}