{"returned_dict": {"loss": 24.274897005447766, "r2": -715.2205589897144, "status": "ok", "start_time": 1607966737.6399398, "duration": 4.381027936935425}, "current_params": {"N": 500, "iss": 0.9, "leak": 0.2570128266791241, "ridge": 1e-07, "seed": 1234, "sr": 3.1320018178729776}}