{"returned_dict": {"loss": 2417.4409374008083, "r2": -796.9050713988237, "status": "ok", "start_time": 1607966098.5908463, "duration": 4.252972602844238}, "current_params": {"N": 500, "iss": 0.9, "leak": 0.0019993850929276224, "ridge": 1e-07, "seed": 1234, "sr": 8.595070620329412}}