{"returned_dict": {"loss": 26.704084604298732, "r2": -86.84016929256904, "status": "ok", "start_time": 1607966781.3376312, "duration": 4.3212730884552}, "current_params": {"N": 500, "iss": 0.9, "leak": 0.0146163177073782, "ridge": 1e-07, "seed": 1234, "sr": 0.018821207623165002}}