{"returned_dict": {"loss": 272.1937072214389, "r2": -233.288641189731, "status": "ok", "start_time": 1607966432.4348376, "duration": 4.686136245727539}, "current_params": {"N": 500, "iss": 0.9, "leak": 0.001319367064630639, "ridge": 1e-07, "seed": 1234, "sr": 4.174878221795596}}