{"returned_dict": {"loss": 28.453550587439008, "r2": -90.25776800307523, "status": "ok", "start_time": 1607966707.1464162, "duration": 4.1873579025268555}, "current_params": {"N": 500, "iss": 0.9, "leak": 0.014107359924588234, "ridge": 1e-07, "seed": 1234, "sr": 0.06173906383595362}}