{"returned_dict": {"loss": 29.046038851561196, "r2": -276.35983570923355, "status": "ok", "start_time": 1607966565.3007662, "duration": 4.816629886627197}, "current_params": {"N": 500, "iss": 0.9, "leak": 0.2280670329364088, "ridge": 1e-07, "seed": 1234, "sr": 2.9543152486268944}}