{"returned_dict": {"loss": 31.143640324453155, "r2": -183.31913686669793, "status": "ok", "start_time": 1607966632.8434775, "duration": 4.594733238220215}, "current_params": {"N": 500, "iss": 0.9, "leak": 0.0016397459949067863, "ridge": 1e-07, "seed": 1234, "sr": 1.0125918642118001}}