{"returned_dict": {"loss": 312.94510908516963, "r2": -372.79734306495476, "status": "ok", "start_time": 1607966323.3406713, "duration": 4.628511905670166}, "current_params": {"N": 500, "iss": 0.9, "leak": 0.029770522183115728, "ridge": 1e-07, "seed": 1234, "sr": 6.8711298777093335}}