{"returned_dict": {"loss": 3384.8071895733187, "r2": -387.177944884812, "status": "ok", "start_time": 1607966597.1769161, "duration": 4.604686737060547}, "current_params": {"N": 500, "iss": 0.9, "leak": 0.004710909728505045, "ridge": 1e-07, "seed": 1234, "sr": 5.954851945032919}}