{"returned_dict": {"loss": 34.28685774320411, "r2": -93.74067466470312, "status": "ok", "start_time": 1607966214.5770261, "duration": 4.343086004257202}, "current_params": {"N": 500, "iss": 0.9, "leak": 0.022070290720839134, "ridge": 1e-07, "seed": 1234, "sr": 0.030585807534029657}}