{"returned_dict": {"loss": 34.653092973278056, "r2": -93.41391184743485, "status": "ok", "start_time": 1607966506.1421545, "duration": 4.490407705307007}, "current_params": {"N": 500, "iss": 0.9, "leak": 0.02282323415615682, "ridge": 1e-07, "seed": 1234, "sr": 0.015111328822327838}}