{"returned_dict": {"loss": 35.430068908375546, "r2": -107.05867898874965, "status": "ok", "start_time": 1607966615.0298748, "duration": 4.386650323867798}, "current_params": {"N": 500, "iss": 0.9, "leak": 0.011650070261907399, "ridge": 1e-07, "seed": 1234, "sr": 0.13135062051240023}}