{"returned_dict": {"loss": 37.19654068623456, "r2": -401.1911233590881, "status": "ok", "start_time": 1607966395.5151353, "duration": 4.721051931381226}, "current_params": {"N": 500, "iss": 0.9, "leak": 0.004532198510129231, "ridge": 1e-07, "seed": 1234, "sr": 0.4354827177052931}}