{"returned_dict": {"loss": 38.2012316870449, "r2": -610.070719720028, "status": "ok", "start_time": 1607966574.55806, "duration": 4.333090543746948}, "current_params": {"N": 500, "iss": 0.9, "leak": 0.0037820440930617233, "ridge": 1e-07, "seed": 1234, "sr": 0.5064769070925403}}