{"returned_dict": {"loss": 38.386159658070625, "r2": -120.38030228665184, "status": "ok", "start_time": 1607966830.0086844, "duration": 4.476867437362671}, "current_params": {"N": 500, "iss": 0.9, "leak": 0.010770380494557471, "ridge": 1e-07, "seed": 1234, "sr": 0.16972169815800317}}