{"returned_dict": {"loss": 38.69613753977047, "r2": -96.72721157018971, "status": "ok", "start_time": 1607966733.2879515, "duration": 4.348897695541382}, "current_params": {"N": 500, "iss": 0.9, "leak": 0.03535135250862537, "ridge": 1e-07, "seed": 1234, "sr": 0.011882514540762432}}