{"returned_dict": {"loss": 38.780323898455556, "r2": -102.78631173972202, "status": "ok", "start_time": 1607966926.7993925, "duration": 4.7258946895599365}, "current_params": {"N": 500, "iss": 0.9, "leak": 0.47175262053068734, "ridge": 1e-07, "seed": 1234, "sr": 1.9069375214584068}}