{"returned_dict": {"loss": 39.69655646441394, "r2": -140.83634864292762, "status": "ok", "start_time": 1607966372.7993069, "duration": 4.59209132194519}, "current_params": {"N": 500, "iss": 0.9, "leak": 0.001163009837988833, "ridge": 1e-07, "seed": 1234, "sr": 1.6402912202724862}}