{"returned_dict": {"loss": 3928.7711259119073, "r2": -4749.707563226516, "status": "ok", "start_time": 1607966147.377227, "duration": 4.515747785568237}, "current_params": {"N": 500, "iss": 0.9, "leak": 0.008165465803324801, "ridge": 1e-07, "seed": 1234, "sr": 7.728716760664494}}