{"returned_dict": {"loss": 40.31554909982577, "r2": -96.80090826283829, "status": "ok", "start_time": 1607966882.5642226, "duration": 4.560762166976929}, "current_params": {"N": 500, "iss": 0.9, "leak": 0.0722587968349321, "ridge": 1e-07, "seed": 1234, "sr": 0.8190785331853353}}