{"returned_dict": {"loss": 40.50277828403272, "r2": -1448.9870836139035, "status": "ok", "start_time": 1607966455.2306437, "duration": 4.65088152885437}, "current_params": {"N": 500, "iss": 0.9, "leak": 0.1550657916117301, "ridge": 1e-07, "seed": 1234, "sr": 8.0457621799467}}