{"returned_dict": {"loss": 40.71378024993215, "r2": -98.05010619250392, "status": "ok", "start_time": 1607966719.759082, "duration": 4.397516250610352}, "current_params": {"N": 500, "iss": 0.9, "leak": 0.05017723761106078, "ridge": 1e-07, "seed": 1234, "sr": 0.044466341818482524}}