{"returned_dict": {"loss": 40.7575492331949, "r2": -98.54099985044138, "status": "ok", "start_time": 1607966111.6127615, "duration": 4.406862735748291}, "current_params": {"N": 500, "iss": 0.9, "leak": 0.070314446202407, "ridge": 1e-07, "seed": 1234, "sr": 0.015739155640383837}}