{"returned_dict": {"loss": 40.87509233185575, "r2": -98.44942015472986, "status": "ok", "start_time": 1607966843.2747235, "duration": 4.323230266571045}, "current_params": {"N": 500, "iss": 0.9, "leak": 0.8148390192988706, "ridge": 1e-07, "seed": 1234, "sr": 0.4733073138928852}}