{"returned_dict": {"loss": 40.89016422655728, "r2": -98.48578534400649, "status": "ok", "start_time": 1607966174.4836793, "duration": 4.798671007156372}, "current_params": {"N": 500, "iss": 0.9, "leak": 0.548619842474474, "ridge": 1e-07, "seed": 1234, "sr": 0.6814087943327958}}