{"returned_dict": {"loss": 40.89436517951854, "r2": -98.56767389321425, "status": "ok", "start_time": 1607966492.0544379, "duration": 4.584559202194214}, "current_params": {"N": 500, "iss": 0.9, "leak": 0.250628304135668, "ridge": 1e-07, "seed": 1234, "sr": 0.7183498215036289}}