{"returned_dict": {"loss": 40.88397027160403, "r2": -98.62415119248719, "status": "ok", "start_time": 1607966268.567696, "duration": 4.510082006454468}, "current_params": {"N": 500, "iss": 0.9, "leak": 0.1265686457195159, "ridge": 1e-07, "seed": 1234, "sr": 0.42881370446932465}}