{"returned_dict": {"loss": 40.99852952504724, "r2": -98.87533485451644, "status": "ok", "start_time": 1607966081.1095598, "duration": 4.379751920700073}, "current_params": {"N": 500, "iss": 0.9, "leak": 0.14767480454742357, "ridge": 1e-07, "seed": 1234, "sr": 0.09193144275846267}}