{"returned_dict": {"loss": 40.945502030329415, "r2": -98.71677889480544, "status": "ok", "start_time": 1607966642.0188568, "duration": 4.235865354537964}, "current_params": {"N": 500, "iss": 0.9, "leak": 0.1621133349181608, "ridge": 1e-07, "seed": 1234, "sr": 0.37132771884839105}}