{"returned_dict": {"loss": 40.90642384269029, "r2": -98.53348993681912, "status": "ok", "start_time": 1607966742.0306056, "duration": 4.342364072799683}, "current_params": {"N": 500, "iss": 0.9, "leak": 0.575071658146087, "ridge": 1e-07, "seed": 1234, "sr": 0.2656081865811078}}