{"returned_dict": {"loss": 40.99203135135851, "r2": -98.80318159173912, "status": "ok", "start_time": 1607966390.952706, "duration": 4.559765338897705}, "current_params": {"N": 500, "iss": 0.9, "leak": 0.1938356185580243, "ridge": 1e-07, "seed": 1234, "sr": 0.024864994931391403}}