{"returned_dict": {"loss": 40.94939437953813, "r2": -98.73540342248725, "status": "ok", "start_time": 1607966437.124995, "duration": 4.402564287185669}, "current_params": {"N": 500, "iss": 0.9, "leak": 0.1780747160302938, "ridge": 1e-07, "seed": 1234, "sr": 0.35527487234322347}}