{"returned_dict": {"loss": 40.959989058651715, "r2": -98.77607635877598, "status": "ok", "start_time": 1607966264.051384, "duration": 4.512019872665405}, "current_params": {"N": 500, "iss": 0.9, "leak": 0.28983524757080376, "ridge": 1e-07, "seed": 1234, "sr": 0.04185555732877678}}