{"returned_dict": {"loss": 40.91791237950524, "r2": -98.63428295350667, "status": "ok", "start_time": 1607966236.8158293, "duration": 4.37493109703064}, "current_params": {"N": 500, "iss": 0.9, "leak": 0.22441883976642574, "ridge": 1e-07, "seed": 1234, "sr": 0.4745541372693622}}