{"returned_dict": {"loss": 40.98654671629699, "r2": -98.84293666336953, "status": "ok", "start_time": 1607966314.2503858, "duration": 4.388462781906128}, "current_params": {"N": 500, "iss": 0.9, "leak": 0.15980902357155416, "ridge": 1e-07, "seed": 1234, "sr": 0.19414635476046124}}