{"returned_dict": {"loss": 40.90241537743415, "r2": -113.45769508116696, "status": "ok", "start_time": 1607966205.9670792, "duration": 4.448076486587524}, "current_params": {"N": 500, "iss": 0.9, "leak": 0.014014033804940922, "ridge": 1e-07, "seed": 1234, "sr": 0.1580963356099107}}