{"returned_dict": {"loss": 40.953517064804906, "r2": -98.74794546855111, "status": "ok", "start_time": 1607966601.7993689, "duration": 4.527835845947266}, "current_params": {"N": 500, "iss": 0.9, "leak": 0.09287635538259097, "ridge": 1e-07, "seed": 1234, "sr": 0.03662094178636237}}