{"returned_dict": {"loss": 40.978037868316, "r2": -98.81164375838212, "status": "ok", "start_time": 1607966764.089228, "duration": 4.252047300338745}, "current_params": {"N": 500, "iss": 0.9, "leak": 0.21074479014296174, "ridge": 1e-07, "seed": 1234, "sr": 0.15685127947806413}}