{"returned_dict": {"loss": 40.90717854647169, "r2": -98.55806563833522, "status": "ok", "start_time": 1607966450.6716, "duration": 4.5563437938690186}, "current_params": {"N": 500, "iss": 0.9, "leak": 0.47709341862746746, "ridge": 1e-07, "seed": 1234, "sr": 0.19086900435171533}}