{"returned_dict": {"loss": 40.97650295664452, "r2": -98.75789174864845, "status": "ok", "start_time": 1607966441.5392163, "duration": 4.659783363342285}, "current_params": {"N": 500, "iss": 0.9, "leak": 0.26974759608485605, "ridge": 1e-07, "seed": 1234, "sr": 0.018488085223828516}}