{"returned_dict": {"loss": 40.921745167764925, "r2": -98.63053066944114, "status": "ok", "start_time": 1607966619.4268847, "duration": 4.3667638301849365}, "current_params": {"N": 500, "iss": 0.9, "leak": 0.49752943930111604, "ridge": 1e-07, "seed": 1234, "sr": 0.059727390272666034}}