{"returned_dict": {"loss": 40.94406548639691, "r2": -98.73432675321396, "status": "ok", "start_time": 1607966188.04877, "duration": 4.263178825378418}, "current_params": {"N": 500, "iss": 0.9, "leak": 0.315393438078937, "ridge": 1e-07, "seed": 1234, "sr": 0.08344964538153644}}