{"returned_dict": {"loss": 40.92043557758507, "r2": -98.6155309682757, "status": "ok", "start_time": 1607966542.1839657, "duration": 4.509594678878784}, "current_params": {"N": 500, "iss": 0.9, "leak": 0.6280912088784809, "ridge": 1e-07, "seed": 1234, "sr": 0.04523669471726716}}