{"returned_dict": {"loss": 41.006504783770225, "r2": -98.70914640568522, "status": "ok", "start_time": 1607966305.4377236, "duration": 4.4293434619903564}, "current_params": {"N": 500, "iss": 0.9, "leak": 0.07642818044103147, "ridge": 1e-07, "seed": 1234, "sr": 0.053861526855222275}}