{"returned_dict": {"loss": 41.01887646661901, "r2": -98.87513805355813, "status": "ok", "start_time": 1607966355.0202568, "duration": 4.441720247268677}, "current_params": {"N": 500, "iss": 0.9, "leak": 0.12449787977731538, "ridge": 1e-07, "seed": 1234, "sr": 0.24978399009722405}}