{"returned_dict": {"loss": 41.02026170359802, "r2": -98.69843808388178, "status": "ok", "start_time": 1607966345.5665545, "duration": 4.828379392623901}, "current_params": {"N": 500, "iss": 0.9, "leak": 0.7692433139439278, "ridge": 1e-07, "seed": 1234, "sr": 1.2568715404459316}}