{"returned_dict": {"loss": 41.00300968007358, "r2": -98.88808716990542, "status": "ok", "start_time": 1607966917.8809798, "duration": 4.4489030838012695}, "current_params": {"N": 500, "iss": 0.9, "leak": 0.16173397718500607, "ridge": 1e-07, "seed": 1234, "sr": 0.09841030474609473}}