{"returned_dict": {"loss": 41.041009857826204, "r2": -98.9082842333221, "status": "ok", "start_time": 1607966496.6429362, "duration": 4.740919828414917}, "current_params": {"N": 500, "iss": 0.9, "leak": 0.11867538848822103, "ridge": 1e-07, "seed": 1234, "sr": 0.22283423430495441}}