{"returned_dict": {"loss": 41.23178365776271, "r2": -98.95815528263296, "status": "ok", "start_time": 1607966151.8972774, "duration": 4.305353879928589}, "current_params": {"N": 500, "iss": 0.9, "leak": 0.07839270602334164, "ridge": 1e-07, "seed": 1234, "sr": 0.3134260284283634}}