{"returned_dict": {"loss": 41.53285246731438, "r2": -99.01159914478376, "status": "ok", "start_time": 1607966592.6978703, "duration": 4.4679179191589355}, "current_params": {"N": 500, "iss": 0.9, "leak": 0.07317117358660612, "ridge": 1e-07, "seed": 1234, "sr": 0.1231343350574707}}