{"returned_dict": {"loss": 41.67722048859992, "r2": -95.63433048228912, "status": "ok", "start_time": 1607966138.2432766, "duration": 4.564764022827148}, "current_params": {"N": 500, "iss": 0.9, "leak": 0.06352394825903143, "ridge": 1e-07, "seed": 1234, "sr": 0.7907945110890906}}