{"returned_dict": {"loss": 41.791034165141824, "r2": -100.83219361490319, "status": "ok", "start_time": 1607966309.8721647, "duration": 4.375668048858643}, "current_params": {"N": 500, "iss": 0.9, "leak": 0.022467261981153615, "ridge": 1e-07, "seed": 1234, "sr": 0.11593631118292297}}