{"returned_dict": {"loss": 42.18864716678609, "r2": -98.96922581023865, "status": "ok", "start_time": 1607966519.9785483, "duration": 4.406153202056885}, "current_params": {"N": 500, "iss": 0.9, "leak": 0.06355074326997055, "ridge": 1e-07, "seed": 1234, "sr": 0.14520620540802748}}