{"returned_dict": {"loss": 42.52190424079077, "r2": -106.4467168106258, "status": "ok", "start_time": 1607966789.8456829, "duration": 4.540168046951294}, "current_params": {"N": 500, "iss": 0.9, "leak": 0.0964123873662529, "ridge": 1e-07, "seed": 1234, "sr": 1.2232082203219017}}