{"returned_dict": {"loss": 44.6023330940826, "r2": -584.802819918219, "status": "ok", "start_time": 1607966291.6168346, "duration": 4.5760498046875}, "current_params": {"N": 500, "iss": 0.9, "leak": 0.007447259600330078, "ridge": 1e-07, "seed": 1234, "sr": 0.5278044576079027}}