{"returned_dict": {"loss": 46.067317915029854, "r2": -102.23252380239477, "status": "ok", "start_time": 1607966931.5302536, "duration": 4.434228420257568}, "current_params": {"N": 500, "iss": 0.9, "leak": 0.026898391516608673, "ridge": 1e-07, "seed": 1234, "sr": 0.1605687292789293}}