{"returned_dict": {"loss": 46.196942170566125, "r2": -100.22700693935566, "status": "ok", "start_time": 1607966142.8184083, "duration": 4.5483078956604}, "current_params": {"N": 500, "iss": 0.9, "leak": 0.043171755108277324, "ridge": 1e-07, "seed": 1234, "sr": 0.18968871003482993}}