{"returned_dict": {"loss": 57.901106778783536, "r2": -464.4044410307337, "status": "ok", "start_time": 1607966116.0231783, "duration": 4.478954553604126}, "current_params": {"N": 500, "iss": 0.9, "leak": 0.005178229754500641, "ridge": 1e-07, "seed": 1234, "sr": 0.705239774183473}}