{"returned_dict": {"loss": 59.34974683342063, "r2": -2423.7629630782562, "status": "ok", "start_time": 1607966646.2588694, "duration": 4.242977857589722}, "current_params": {"N": 500, "iss": 0.9, "leak": 0.08309937820586777, "ridge": 1e-07, "seed": 1234, "sr": 2.5415122300083524}}