{"returned_dict": {"loss": 61.6820269999963, "r2": -855.4540520543528, "status": "ok", "start_time": 1607966102.8462048, "duration": 4.3632566928863525}, "current_params": {"N": 500, "iss": 0.9, "leak": 0.07759012626832157, "ridge": 1e-07, "seed": 1234, "sr": 1.3130022647884576}}