{"returned_dict": {"loss": 62.59450416492199, "r2": -477.50500405125223, "status": "ok", "start_time": 1607966165.303739, "duration": 4.4114110469818115}, "current_params": {"N": 500, "iss": 0.9, "leak": 0.011339635175555703, "ridge": 1e-07, "seed": 1234, "sr": 0.5377724388043955}}