{"returned_dict": {"loss": 651.2730740073131, "r2": -289.1187968748148, "status": "ok", "start_time": 1607966610.6967509, "duration": 4.328706741333008}, "current_params": {"N": 500, "iss": 0.9, "leak": 0.0068262384292384955, "ridge": 1e-07, "seed": 1234, "sr": 6.478192869227178}}