{"returned_dict": {"loss": 68.27510361714033, "r2": -566.3837297368304, "status": "ok", "start_time": 1607966459.8908958, "duration": 4.822757244110107}, "current_params": {"N": 500, "iss": 0.9, "leak": 0.0038678816028799136, "ridge": 1e-07, "seed": 1234, "sr": 0.8951684637444168}}