{"returned_dict": {"loss": 7.433822643559767, "r2": -80.86125513091086, "status": "ok", "start_time": 1607966694.3432617, "duration": 4.2522101402282715}, "current_params": {"N": 500, "iss": 0.9, "leak": 0.005529792100186345, "ridge": 1e-07, "seed": 1234, "sr": 0.011334456695111357}}