{"returned_dict": {"loss": 757.3511330825316, "r2": -195.33428544819174, "status": "ok", "start_time": 1607966368.0606477, "duration": 4.732913255691528}, "current_params": {"N": 500, "iss": 0.9, "leak": 0.005090154113244003, "ridge": 1e-07, "seed": 1234, "sr": 4.063889916268354}}