{"returned_dict": {"loss": 78.88294140448828, "r2": -523.4034613206842, "status": "ok", "start_time": 1607966273.0821037, "duration": 4.523638963699341}, "current_params": {"N": 500, "iss": 0.9, "leak": 0.0011181562678257994, "ridge": 1e-07, "seed": 1234, "sr": 2.505559210469256}}