{"returned_dict": {"loss": 79.09775167170086, "r2": -2357.879416565695, "status": "ok", "start_time": 1607966689.9384887, "duration": 4.401712656021118}, "current_params": {"N": 500, "iss": 0.9, "leak": 0.06655027222277297, "ridge": 1e-07, "seed": 1234, "sr": 1.718558340054447}}