{"returned_dict": {"loss": 888.3889509680763, "r2": -1538.4356314668455, "status": "ok", "start_time": 1607966667.8584914, "duration": 4.752605676651001}, "current_params": {"N": 500, "iss": 0.9, "leak": 0.011900505365612084, "ridge": 1e-07, "seed": 1234, "sr": 7.942142975817722}}