{"returned_dict": {"loss": 9.36528597961775, "r2": -83.74772667598087, "status": "ok", "start_time": 1607966663.5654576, "duration": 4.288843393325806}, "current_params": {"N": 500, "iss": 0.9, "leak": 0.004080138018862504, "ridge": 1e-07, "seed": 1234, "sr": 0.03790572749962004}}