{"returned_dict": {"loss": 92.86739436788524, "r2": -400.0472088881318, "status": "ok", "start_time": 1607966702.8290856, "duration": 4.312981605529785}, "current_params": {"N": 500, "iss": 0.9, "leak": 0.023378379828646496, "ridge": 1e-07, "seed": 1234, "sr": 0.7057874482615871}}