{"returned_dict": {"loss": 926.1806696479503, "r2": -352.381689836351, "status": "ok", "start_time": 1607966427.8874338, "duration": 4.544478178024292}, "current_params": {"N": 500, "iss": 0.9, "leak": 0.002249693994452289, "ridge": 1e-07, "seed": 1234, "sr": 6.410852059708618}}