{"returned_dict": {"loss": 99.35055325083492, "r2": -5343.443113237018, "status": "ok", "start_time": 1607966869.2900283, "duration": 4.460915803909302}, "current_params": {"N": 500, "iss": 0.9, "leak": 0.002004092778031185, "ridge": 1e-07, "seed": 1234, "sr": 1.5541041962434614}}