{"returned_dict": {"loss": 10.559054452914808, "r2": -104.99966674918306, "status": "ok", "start_time": 1607966381.7531984, "duration": 4.377600193023682}, "current_params": {"N": 500, "iss": 0.9, "leak": 0.003007284609151052, "ridge": 1e-07, "seed": 1234, "sr": 0.19710402432736293}}