{"returned_dict": {"loss": 10.745389447457574, "r2": -134.8050838651554, "status": "ok", "start_time": 1607966794.3901498, "duration": 4.491537809371948}, "current_params": {"N": 500, "iss": 0.9, "leak": 0.47638894085782324, "ridge": 1e-07, "seed": 1234, "sr": 7.986069420685124}}