{"returned_dict": {"loss": 11.205468026328562, "r2": -81.07027228922136, "status": "ok", "start_time": 1607966363.6905203, "duration": 4.366175174713135}, "current_params": {"N": 500, "iss": 0.9, "leak": 0.0074696659096417555, "ridge": 1e-07, "seed": 1234, "sr": 0.054441928695237514}}