{"returned_dict": {"loss": 11.679642445177741, "r2": -89.4900829600691, "status": "ok", "start_time": 1607966350.4004214, "duration": 4.616654634475708}, "current_params": {"N": 500, "iss": 0.9, "leak": 0.0021510734098162975, "ridge": 1e-07, "seed": 1234, "sr": 0.014495378935499301}}