{"returned_dict": {"loss": 11.779822188443484, "r2": -90.03635711817219, "status": "ok", "start_time": 1607966400.240843, "duration": 4.5844550132751465}, "current_params": {"N": 500, "iss": 0.9, "leak": 0.0020407841756792705, "ridge": 1e-07, "seed": 1234, "sr": 0.02149039617010612}}