{"returned_dict": {"loss": 11.95491235559416, "r2": -87.64811577877232, "status": "ok", "start_time": 1607966124.9530895, "duration": 4.2893760204315186}, "current_params": {"N": 500, "iss": 0.9, "leak": 0.002871300501667432, "ridge": 1e-07, "seed": 1234, "sr": 0.069290845610225}}