{"returned_dict": {"loss": 12.242002050721403, "r2": -113.83615092056334, "status": "ok", "start_time": 1607966860.5484138, "duration": 4.187473297119141}, "current_params": {"N": 500, "iss": 0.9, "leak": 0.0036329730144939822, "ridge": 1e-07, "seed": 1234, "sr": 0.21289021268383726}}