{"returned_dict": {"loss": 12.923669247868267, "r2": -93.32907157490877, "status": "ok", "start_time": 1607966838.7104003, "duration": 4.54887056350708}, "current_params": {"N": 500, "iss": 0.9, "leak": 0.00148531244526956, "ridge": 1e-07, "seed": 1234, "sr": 0.011242538024314977}}