{"returned_dict": {"loss": 123.7068605150937, "r2": -693.886508047084, "status": "ok", "start_time": 1607966085.4917326, "duration": 4.345664739608765}, "current_params": {"N": 500, "iss": 0.9, "leak": 0.0028856799669466832, "ridge": 1e-07, "seed": 1234, "sr": 1.4193164651774342}}