{"returned_dict": {"loss": 13.428308541586112, "r2": -95.03883856321094, "status": "ok", "start_time": 1607966464.7178068, "duration": 4.495934963226318}, "current_params": {"N": 500, "iss": 0.9, "leak": 0.0012204494705045869, "ridge": 1e-07, "seed": 1234, "sr": 0.012539146079986692}}