{"returned_dict": {"loss": 13.464680240572259, "r2": -83.47387153018606, "status": "ok", "start_time": 1607966359.4659746, "duration": 4.222007989883423}, "current_params": {"N": 500, "iss": 0.9, "leak": 0.00756140879767076, "ridge": 1e-07, "seed": 1234, "sr": 0.07242033856566811}}