{"returned_dict": {"loss": 139.2673249209183, "r2": -146.12281002571163, "status": "ok", "start_time": 1607966895.6739304, "duration": 4.503018617630005}, "current_params": {"N": 500, "iss": 0.9, "leak": 0.0019526990434574753, "ridge": 1e-07, "seed": 1234, "sr": 3.397014487855925}}