{"returned_dict": {"loss": 147.7906128118099, "r2": -349.56752331214744, "status": "ok", "start_time": 1607966864.7458863, "duration": 4.53669548034668}, "current_params": {"N": 500, "iss": 0.9, "leak": 0.03131830393818359, "ridge": 1e-07, "seed": 1234, "sr": 1.6947127859415962}}