{"returned_dict": {"loss": 16.222922878276858, "r2": -178.78728691667854, "status": "ok", "start_time": 1607966954.634393, "duration": 4.444452524185181}, "current_params": {"N": 500, "iss": 0.9, "leak": 0.001986335532152546, "ridge": 1e-07, "seed": 1234, "sr": 0.4056997135365416}}