{"returned_dict": {"loss": 16.588830674633215, "r2": -121.59786001715811, "status": "ok", "start_time": 1607966803.2195892, "duration": 4.582866668701172}, "current_params": {"N": 500, "iss": 0.9, "leak": 0.6485110950876933, "ridge": 1e-07, "seed": 1234, "sr": 4.264809140076687}}