{"returned_dict": {"loss": 17.687907408504618, "r2": -422.2821513786392, "status": "ok", "start_time": 1607966414.314202, "duration": 4.821992635726929}, "current_params": {"N": 500, "iss": 0.9, "leak": 0.3526803774348989, "ridge": 1e-07, "seed": 1234, "sr": 6.749027769248201}}