{"returned_dict": {"loss": 1777.5620488338288, "r2": -138.99172507591769, "status": "ok", "start_time": 1607966528.6598945, "duration": 4.611157417297363}, "current_params": {"N": 500, "iss": 0.9, "leak": 0.006058335783936728, "ridge": 1e-07, "seed": 1234, "sr": 3.6923239339391736}}