{"returned_dict": {"loss": 18.32122182065935, "r2": -124.42515212136713, "status": "ok", "start_time": 1607966318.6439476, "duration": 4.686368942260742}, "current_params": {"N": 500, "iss": 0.9, "leak": 0.005187372750396539, "ridge": 1e-07, "seed": 1234, "sr": 0.21836876756011217}}