{"returned_dict": {"loss": 1981.4853809445005, "r2": -134.72005344855268, "status": "ok", "start_time": 1607966282.405178, "duration": 4.597960472106934}, "current_params": {"N": 500, "iss": 0.9, "leak": 0.004296374937759166, "ridge": 1e-07, "seed": 1234, "sr": 4.7144855993781}}