{"returned_dict": {"loss": 20.91867381647855, "r2": -1568.970676412874, "status": "ok", "start_time": 1607966821.0780807, "duration": 4.483107805252075}, "current_params": {"N": 500, "iss": 0.9, "leak": 0.06544459093336667, "ridge": 1e-07, "seed": 1234, "sr": 7.9129298923773534}}