{"returned_dict": {"loss": 21.469401385373065, "r2": -252.1117039321263, "status": "ok", "start_time": 1607966659.0379963, "duration": 4.521130084991455}, "current_params": {"N": 500, "iss": 0.9, "leak": 0.0029915867988002504, "ridge": 1e-07, "seed": 1234, "sr": 0.43658084039279066}}