{"returned_dict": {"loss": 23.432637539034545, "r2": -84.56556958244282, "status": "ok", "start_time": 1607966945.4434578, "duration": 4.722206354141235}, "current_params": {"N": 500, "iss": 0.9, "leak": 0.012745388659641893, "ridge": 1e-07, "seed": 1234, "sr": 0.02032478232107231}}