{"returned_dict": {"loss": 25.04228121332311, "r2": -891.7209712634058, "status": "ok", "start_time": 1607966724.1615868, "duration": 4.675581932067871}, "current_params": {"N": 500, "iss": 0.9, "leak": 0.33087365024151244, "ridge": 1e-07, "seed": 1234, "sr": 9.137716772756601}}