{"returned_dict": {"loss": 25.73267403978619, "r2": -96.45784862742023, "status": "ok", "start_time": 1607966777.0852654, "duration": 4.24750542640686}, "current_params": {"N": 500, "iss": 0.9, "leak": 0.009044626848937518, "ridge": 1e-07, "seed": 1234, "sr": 0.10994410119398834}}