{"returned_dict": {"loss": 25.910621123390797, "r2": -86.79090073519048, "status": "ok", "start_time": 1607966160.8127902, "duration": 4.484226226806641}, "current_params": {"N": 500, "iss": 0.9, "leak": 0.014026221041638698, "ridge": 1e-07, "seed": 1234, "sr": 0.012978119407960289}}