{"returned_dict": {"loss": 2585.4495524052486, "r2": -276.18781154372726, "status": "ok", "start_time": 1607966606.3331745, "duration": 4.359746694564819}, "current_params": {"N": 500, "iss": 0.9, "leak": 0.0024215266151347017, "ridge": 1e-07, "seed": 1234, "sr": 8.098282573038514}}