{"returned_dict": {"loss": 27.904319489678073, "r2": -309.39894416514335, "status": "ok", "start_time": 1607966963.755974, "duration": 4.415189266204834}, "current_params": {"N": 500, "iss": 0.9, "leak": 0.5689157267721024, "ridge": 1e-07, "seed": 1234, "sr": 3.33253047566068}}