{"returned_dict": {"loss": 28.570632884791625, "r2": -540.2050519484152, "status": "ok", "start_time": 1607966959.0833902, "duration": 4.668176651000977}, "current_params": {"N": 500, "iss": 0.9, "leak": 0.7324101843494022, "ridge": 1e-07, "seed": 1234, "sr": 3.380254977362627}}