{"returned_dict": {"loss": 283.12442440814095, "r2": -196.54470466874625, "status": "ok", "start_time": 1607966968.1756134, "duration": 4.400536298751831}, "current_params": {"N": 500, "iss": 0.9, "leak": 0.009052404275186363, "ridge": 1e-07, "seed": 1234, "sr": 1.83271080635448}}