{"returned_dict": {"loss": 310.68361264122046, "r2": -251.17625291219963, "status": "ok", "start_time": 1607966515.232365, "duration": 4.736790180206299}, "current_params": {"N": 500, "iss": 0.9, "leak": 0.01557649306129124, "ridge": 1e-07, "seed": 1234, "sr": 1.4204799427435137}}