{"returned_dict": {"loss": 33.23056362787592, "r2": -95.16066582874066, "status": "ok", "start_time": 1607966227.889931, "duration": 4.509959936141968}, "current_params": {"N": 500, "iss": 0.9, "leak": 0.01587563339042693, "ridge": 1e-07, "seed": 1234, "sr": 0.07778267341193063}}