{"returned_dict": {"loss": 34.12991944886522, "r2": -93.00195136702109, "status": "ok", "start_time": 1607966851.8933737, "duration": 4.433649778366089}, "current_params": {"N": 500, "iss": 0.9, "leak": 0.02195176445961591, "ridge": 1e-07, "seed": 1234, "sr": 0.013845762137509642}}