{"returned_dict": {"loss": 37.33813356320465, "r2": -96.07452645664705, "status": "ok", "start_time": 1607966551.4588032, "duration": 4.63507866859436}, "current_params": {"N": 500, "iss": 0.9, "leak": 0.02858191322708805, "ridge": 1e-07, "seed": 1234, "sr": 0.025346061583339876}}