{"returned_dict": {"loss": 37.53562717785758, "r2": -500.35318514135224, "status": "ok", "start_time": 1607966750.980976, "duration": 4.342406988143921}, "current_params": {"N": 500, "iss": 0.9, "leak": 0.0020069351698223455, "ridge": 1e-07, "seed": 1234, "sr": 0.8723663102753642}}