{"returned_dict": {"loss": 37.692812602446665, "r2": -95.93380066972236, "status": "ok", "start_time": 1607966650.5070963, "duration": 4.402055740356445}, "current_params": {"N": 500, "iss": 0.9, "leak": 0.030735299332093534, "ridge": 1e-07, "seed": 1234, "sr": 0.01221873913856758}}