{"returned_dict": {"loss": 38.37770844017532, "r2": -97.09281666775367, "status": "ok", "start_time": 1607966377.3953013, "duration": 4.35528564453125}, "current_params": {"N": 500, "iss": 0.9, "leak": 0.028576353416201926, "ridge": 1e-07, "seed": 1234, "sr": 0.049363205272913435}}