{"returned_dict": {"loss": 39.2898351410851, "r2": -1410.912532506223, "status": "ok", "start_time": 1607966972.579479, "duration": 4.294564962387085}, "current_params": {"N": 500, "iss": 0.9, "leak": 0.0022642938179171256, "ridge": 1e-07, "seed": 1234, "sr": 0.7779259140722958}}