{"returned_dict": {"loss": 39.71927837029551, "r2": -97.61864333904619, "status": "ok", "start_time": 1607966807.8123388, "duration": 4.332075357437134}, "current_params": {"N": 500, "iss": 0.9, "leak": 0.04232948450555198, "ridge": 1e-07, "seed": 1234, "sr": 0.017216566223267362}}