{"returned_dict": {"loss": 3941.154556357646, "r2": -152.2456795143739, "status": "ok", "start_time": 1607966583.4909189, "duration": 4.725472688674927}, "current_params": {"N": 500, "iss": 0.9, "leak": 0.004734194258313415, "ridge": 1e-07, "seed": 1234, "sr": 6.099910424836957}}