{"returned_dict": {"loss": 40.17296970988391, "r2": -97.77542581782073, "status": "ok", "start_time": 1607966672.6152534, "duration": 4.260272026062012}, "current_params": {"N": 500, "iss": 0.9, "leak": 0.061188628972290805, "ridge": 1e-07, "seed": 1234, "sr": 0.4754518320418912}}