{"returned_dict": {"loss": 40.41830185725847, "r2": -98.24509577287618, "status": "ok", "start_time": 1607966816.55815, "duration": 4.513578653335571}, "current_params": {"N": 500, "iss": 0.9, "leak": 0.1295769296796218, "ridge": 1e-07, "seed": 1234, "sr": 0.7554148741953478}}