{"returned_dict": {"loss": 40.48619879069841, "r2": -98.05487989177412, "status": "ok", "start_time": 1607966332.198835, "duration": 4.475648880004883}, "current_params": {"N": 500, "iss": 0.9, "leak": 0.049464589372739044, "ridge": 1e-07, "seed": 1234, "sr": 0.03535316537053227}}