{"returned_dict": {"loss": 40.59234859601301, "r2": -98.4804193901184, "status": "ok", "start_time": 1607966772.652598, "duration": 4.42773175239563}, "current_params": {"N": 500, "iss": 0.9, "leak": 0.17018399316582933, "ridge": 1e-07, "seed": 1234, "sr": 0.762366181482322}}