{"returned_dict": {"loss": 40.61938117233723, "r2": -97.85918426831388, "status": "ok", "start_time": 1607966711.3438525, "duration": 4.234718561172485}, "current_params": {"N": 500, "iss": 0.9, "leak": 0.24014078348310283, "ridge": 1e-07, "seed": 1234, "sr": 0.9954260284808819}}