{"returned_dict": {"loss": 40.64292899958346, "r2": -98.45409316860116, "status": "ok", "start_time": 1607966578.8952, "duration": 4.581947565078735}, "current_params": {"N": 500, "iss": 0.9, "leak": 0.06348353152991831, "ridge": 1e-07, "seed": 1234, "sr": 0.012308856429885908}}