{"returned_dict": {"loss": 40.65021345390563, "r2": -98.406123084714, "status": "ok", "start_time": 1607966654.9190748, "duration": 4.112856388092041}, "current_params": {"N": 500, "iss": 0.9, "leak": 0.18982346019833238, "ridge": 1e-07, "seed": 1234, "sr": 0.7823909349093568}}