{"returned_dict": {"loss": 40.750097313054724, "r2": -115.44415120507568, "status": "ok", "start_time": 1607966556.096835, "duration": 4.681362628936768}, "current_params": {"N": 500, "iss": 0.9, "leak": 0.9970565166466505, "ridge": 1e-07, "seed": 1234, "sr": 1.6986222074609372}}