{"returned_dict": {"loss": 40.89063607462263, "r2": -98.4833297830411, "status": "ok", "start_time": 1607966241.1935725, "duration": 4.458753824234009}, "current_params": {"N": 500, "iss": 0.9, "leak": 0.4666783799493684, "ridge": 1e-07, "seed": 1234, "sr": 0.5562791084276273}}