{"returned_dict": {"loss": 40.89010014909617, "r2": -98.50789137027819, "status": "ok", "start_time": 1607966913.2795234, "duration": 4.595561265945435}, "current_params": {"N": 500, "iss": 0.9, "leak": 0.6188864080111833, "ridge": 1e-07, "seed": 1234, "sr": 0.36253746289384753}}