{"returned_dict": {"loss": 40.83720624444005, "r2": -97.92521071183091, "status": "ok", "start_time": 1607966768.3450298, "duration": 4.297654867172241}, "current_params": {"N": 500, "iss": 0.9, "leak": 0.04460125339452322, "ridge": 1e-07, "seed": 1234, "sr": 0.05426372790594986}}