{"returned_dict": {"loss": 40.89558119320387, "r2": -98.52180969936877, "status": "ok", "start_time": 1607966847.6022484, "duration": 4.2867772579193115}, "current_params": {"N": 500, "iss": 0.9, "leak": 0.6097846391637153, "ridge": 1e-07, "seed": 1234, "sr": 0.2890206516787058}}