{"returned_dict": {"loss": 40.87525910754369, "r2": -98.42111004282283, "status": "ok", "start_time": 1607966107.2118418, "duration": 4.398543119430542}, "current_params": {"N": 500, "iss": 0.9, "leak": 0.9676623982846303, "ridge": 1e-07, "seed": 1234, "sr": 0.6089612261442613}}