{"returned_dict": {"loss": 40.89616190606129, "r2": -98.51173452297034, "status": "ok", "start_time": 1607966423.5338066, "duration": 4.346320629119873}, "current_params": {"N": 500, "iss": 0.9, "leak": 0.48520351237843173, "ridge": 1e-07, "seed": 1234, "sr": 0.743911273925271}}