{"returned_dict": {"loss": 40.9133036711335, "r2": -98.6221130937298, "status": "ok", "start_time": 1607966218.9249527, "duration": 4.436122417449951}, "current_params": {"N": 500, "iss": 0.9, "leak": 0.27834261764204316, "ridge": 1e-07, "seed": 1234, "sr": 0.3698250409529815}}