{"returned_dict": {"loss": 40.97315888085658, "r2": -98.79115926547206, "status": "ok", "start_time": 1607966537.778903, "duration": 4.3938353061676025}, "current_params": {"N": 500, "iss": 0.9, "leak": 0.10309988076655684, "ridge": 1e-07, "seed": 1234, "sr": 0.03701156024776695}}