{"returned_dict": {"loss": 40.93472280272969, "r2": -98.58428563637597, "status": "ok", "start_time": 1607966570.1235154, "duration": 4.431713342666626}, "current_params": {"N": 500, "iss": 0.9, "leak": 0.7225835385436221, "ridge": 1e-07, "seed": 1234, "sr": 0.013724980504200388}}