{"returned_dict": {"loss": 40.946447254022026, "r2": -98.73257164720832, "status": "ok", "start_time": 1607966336.6868343, "duration": 4.551326513290405}, "current_params": {"N": 500, "iss": 0.9, "leak": 0.12121742252254408, "ridge": 1e-07, "seed": 1234, "sr": 0.36874803061320743}}