{"returned_dict": {"loss": 40.970188535472005, "r2": -98.76796139387905, "status": "ok", "start_time": 1607966588.2217643, "duration": 4.470922946929932}, "current_params": {"N": 500, "iss": 0.9, "leak": 0.1705157253447731, "ridge": 1e-07, "seed": 1234, "sr": 0.010472592012202329}}