{"returned_dict": {"loss": 40.944157296764864, "r2": -98.66622020385925, "status": "ok", "start_time": 1607966623.79686, "duration": 4.343161582946777}, "current_params": {"N": 500, "iss": 0.9, "leak": 0.5175993041765108, "ridge": 1e-07, "seed": 1234, "sr": 0.01348089884651904}}