{"returned_dict": {"loss": 40.91951922633718, "r2": -98.64445553981182, "status": "ok", "start_time": 1607966255.0996346, "duration": 4.367202281951904}, "current_params": {"N": 500, "iss": 0.9, "leak": 0.465089396518507, "ridge": 1e-07, "seed": 1234, "sr": 0.05442077945795761}}