{"returned_dict": {"loss": 40.97472477024663, "r2": -98.41371470294958, "status": "ok", "start_time": 1607966179.2883592, "duration": 4.174440383911133}, "current_params": {"N": 500, "iss": 0.9, "leak": 0.06150703569817372, "ridge": 1e-07, "seed": 1234, "sr": 0.049426679288356014}}