{"returned_dict": {"loss": 40.925898485778326, "r2": -98.66732543655019, "status": "ok", "start_time": 1607966856.3301206, "duration": 4.215151071548462}, "current_params": {"N": 500, "iss": 0.9, "leak": 0.42564400435608063, "ridge": 1e-07, "seed": 1234, "sr": 0.09383248840583441}}