{"returned_dict": {"loss": 40.97521077225975, "r2": -98.75182359284992, "status": "ok", "start_time": 1607966834.4943252, "duration": 4.211781024932861}, "current_params": {"N": 500, "iss": 0.9, "leak": 0.20480481444541146, "ridge": 1e-07, "seed": 1234, "sr": 0.010401090609033947}}