{"returned_dict": {"loss": 40.942117341837694, "r2": -98.25155546788842, "status": "ok", "start_time": 1607966473.6290135, "duration": 4.588616132736206}, "current_params": {"N": 500, "iss": 0.9, "leak": 0.12041691740270771, "ridge": 1e-07, "seed": 1234, "sr": 1.211680884097035}}