{"returned_dict": {"loss": 40.97157906060274, "r2": -98.72528932261139, "status": "ok", "start_time": 1607966510.6366642, "duration": 4.591731071472168}, "current_params": {"N": 500, "iss": 0.9, "leak": 0.3773888767345851, "ridge": 1e-07, "seed": 1234, "sr": 0.011551915756311398}}