{"returned_dict": {"loss": 40.98845204434876, "r2": -98.79487619461264, "status": "ok", "start_time": 1607966533.2751262, "duration": 4.497878551483154}, "current_params": {"N": 500, "iss": 0.9, "leak": 0.2142268796618932, "ridge": 1e-07, "seed": 1234, "sr": 0.020137642261825503}}