{"returned_dict": {"loss": 40.939540596379274, "r2": -98.69656444837479, "status": "ok", "start_time": 1607966524.3903954, "duration": 4.266646862030029}, "current_params": {"N": 500, "iss": 0.9, "leak": 0.2657452443051951, "ridge": 1e-07, "seed": 1234, "sr": 0.2407836287502714}}