{"returned_dict": {"loss": 40.932250985456086, "r2": -98.6786794488418, "status": "ok", "start_time": 1607966419.1401489, "duration": 4.389495372772217}, "current_params": {"N": 500, "iss": 0.9, "leak": 0.31104820542685485, "ridge": 1e-07, "seed": 1234, "sr": 0.20238255788527723}}