{"returned_dict": {"loss": 40.92653432039736, "r2": -98.64260318898766, "status": "ok", "start_time": 1614167492.2724643, "duration": 5.185345888137817}, "current_params": {"N": 500, "iss": 0.9, "leak": 0.3146995319164893, "ridge": 1e-07, "seed": 1234, "sr": 0.2312614033209604}}