{"returned_dict": {"loss": 40.961266127580025, "r2": -98.77329993307268, "status": "ok", "start_time": 1607966891.4639778, "duration": 4.2055323123931885}, "current_params": {"N": 500, "iss": 0.9, "leak": 0.2809173633674242, "ridge": 1e-07, "seed": 1234, "sr": 0.0985013099820746}}