{"returned_dict": {"loss": 41.682876406361906, "r2": -970.1499421808122, "status": "ok", "start_time": 1607966487.353722, "duration": 4.697969913482666}, "current_params": {"N": 500, "iss": 0.9, "leak": 0.09452546650663517, "ridge": 1e-07, "seed": 1234, "sr": 6.846722197643969}}