{"returned_dict": {"loss": 410.63746105015343, "r2": -135.48097164667115, "status": "ok", "start_time": 1607966183.4653533, "duration": 4.5740814208984375}, "current_params": {"N": 500, "iss": 0.9, "leak": 0.0010682032938620731, "ridge": 1e-07, "seed": 1234, "sr": 7.748654058046254}}