{"returned_dict": {"loss": 42.29639352885321, "r2": -104.10041820128625, "status": "ok", "start_time": 1607966259.4701142, "duration": 4.576097249984741}, "current_params": {"N": 500, "iss": 0.9, "leak": 0.8017785583284319, "ridge": 1e-07, "seed": 1234, "sr": 1.4451341754498486}}