{"returned_dict": {"loss": 43.01790782987609, "r2": -98.41781430562246, "status": "ok", "start_time": 1607966469.2164807, "duration": 4.408566474914551}, "current_params": {"N": 500, "iss": 0.9, "leak": 0.04679371248370192, "ridge": 1e-07, "seed": 1234, "sr": 0.1156482463441949}}