{"returned_dict": {"loss": 436.0452704123107, "r2": -113.33881200176064, "status": "ok", "start_time": 1607966250.3187234, "duration": 4.776517868041992}, "current_params": {"N": 500, "iss": 0.9, "leak": 0.0021870619058286947, "ridge": 1e-07, "seed": 1234, "sr": 4.3994144952186405}}