{"returned_dict": {"loss": 44.069205058524524, "r2": -122.58399755880657, "status": "ok", "start_time": 1607966341.2429044, "duration": 4.321057081222534}, "current_params": {"N": 500, "iss": 0.9, "leak": 0.014412427044638888, "ridge": 1e-07, "seed": 1234, "sr": 0.1904983838754987}}