{"returned_dict": {"loss": 44.9565137988731, "r2": -175.09235846493425, "status": "ok", "start_time": 1607966120.507021, "duration": 4.441831350326538}, "current_params": {"N": 500, "iss": 0.9, "leak": 0.009564726951086743, "ridge": 1e-07, "seed": 1234, "sr": 0.2438360011533169}}