{"returned_dict": {"loss": 442.2540954266474, "r2": -568.6685472260048, "status": "ok", "start_time": 1607966296.197168, "duration": 4.680132627487183}, "current_params": {"N": 500, "iss": 0.9, "leak": 0.03001095096560881, "ridge": 1e-07, "seed": 1234, "sr": 4.570208715970579}}