{"returned_dict": {"loss": 47.74386110934926, "r2": -231.26082570078435, "status": "ok", "start_time": 1607966404.8358443, "duration": 4.6797919273376465}, "current_params": {"N": 500, "iss": 0.9, "leak": 0.008765698455879191, "ridge": 1e-07, "seed": 1234, "sr": 0.2895225039273398}}