{"returned_dict": {"loss": 49.01106959962055, "r2": -103.98253831673965, "status": "ok", "start_time": 1607966715.5892794, "duration": 4.166830062866211}, "current_params": {"N": 500, "iss": 0.9, "leak": 0.02843301879484251, "ridge": 1e-07, "seed": 1234, "sr": 0.21334151426540662}}