{"returned_dict": {"loss": 49.04361322621418, "r2": -193.68746870153157, "status": "ok", "start_time": 1607966501.3931975, "duration": 4.744853258132935}, "current_params": {"N": 500, "iss": 0.9, "leak": 0.0881632263902402, "ridge": 1e-07, "seed": 1234, "sr": 8.39549455587446}}