{"returned_dict": {"loss": 49.115162059626755, "r2": -1433.5416302800465, "status": "ok", "start_time": 1607966759.9000406, "duration": 4.185989856719971}, "current_params": {"N": 500, "iss": 0.9, "leak": 0.002492042207052523, "ridge": 1e-07, "seed": 1234, "sr": 0.7896216520431614}}