{"returned_dict": {"loss": 50.04522219765969, "r2": -100.51813789795422, "status": "ok", "start_time": 1607966300.8820076, "duration": 4.546647548675537}, "current_params": {"N": 500, "iss": 0.9, "leak": 0.07529096285031424, "ridge": 1e-07, "seed": 1234, "sr": 1.1222859811482682}}