{"returned_dict": {"loss": 58.73660304485233, "r2": -132.99516392520545, "status": "ok", "start_time": 1607966685.4947064, "duration": 4.439205646514893}, "current_params": {"N": 500, "iss": 0.9, "leak": 0.03316703881984663, "ridge": 1e-07, "seed": 1234, "sr": 0.4656049297405336}}