{"returned_dict": {"loss": 59.53623852312584, "r2": -901.8080931703181, "status": "ok", "start_time": 1607966223.3648715, "duration": 4.520684719085693}, "current_params": {"N": 500, "iss": 0.9, "leak": 0.0027251445510331324, "ridge": 1e-07, "seed": 1234, "sr": 0.8167324091459096}}