{"returned_dict": {"loss": 627.4869684726592, "r2": -424.95329046627495, "status": "ok", "start_time": 1607966728.8474503, "duration": 4.435302734375}, "current_params": {"N": 500, "iss": 0.9, "leak": 0.028733341386357043, "ridge": 1e-07, "seed": 1234, "sr": 4.173237617334716}}