{"returned_dict": {"loss": 634.9464409904884, "r2": -174.30567506427465, "status": "ok", "start_time": 1607966940.525378, "duration": 4.913538932800293}, "current_params": {"N": 500, "iss": 0.9, "leak": 0.0014204390280654403, "ridge": 1e-07, "seed": 1234, "sr": 6.521222489934406}}