{"returned_dict": {"loss": 65.3746000813146, "r2": -834.6892243478843, "status": "ok", "start_time": 1607966245.6577241, "duration": 4.656552791595459}, "current_params": {"N": 500, "iss": 0.9, "leak": 0.05879022622924782, "ridge": 1e-07, "seed": 1234, "sr": 5.497493260789837}}