{"returned_dict": {"loss": 7.294864929969424, "r2": -81.35686177570764, "status": "ok", "start_time": 1607966909.0628703, "duration": 4.21327805519104}, "current_params": {"N": 500, "iss": 0.9, "leak": 0.004905015733663644, "ridge": 1e-07, "seed": 1234, "sr": 0.013905526426103688}}