{"returned_dict": {"loss": 8.147430909966394, "r2": -81.7400071102915, "status": "ok", "start_time": 1607966327.980026, "duration": 4.2119505405426025}, "current_params": {"N": 500, "iss": 0.9, "leak": 0.0056113145922139515, "ridge": 1e-07, "seed": 1234, "sr": 0.04646624075750431}}