{"returned_dict": {"loss": 80.25581774297125, "r2": -203.66693493019375, "status": "ok", "start_time": 1607966887.1293278, "duration": 4.327767610549927}, "current_params": {"N": 500, "iss": 0.9, "leak": 0.0585317927206614, "ridge": 1e-07, "seed": 1234, "sr": 1.0905311143852623}}