{"returned_dict": {"loss": 815.4458493231915, "r2": -209.21742347137615, "status": "ok", "start_time": 1607966277.6082077, "duration": 4.789042234420776}, "current_params": {"N": 500, "iss": 0.9, "leak": 0.01937269480916975, "ridge": 1e-07, "seed": 1234, "sr": 2.5293422136565984}}