{"returned_dict": {"loss": 88.93305343989864, "r2": -839.4881606793396, "status": "ok", "start_time": 1607966922.3433347, "duration": 4.450392484664917}, "current_params": {"N": 500, "iss": 0.9, "leak": 0.017640061363331107, "ridge": 1e-07, "seed": 1234, "sr": 0.7799046362412538}}