{"returned_dict": {"loss": 89.24791910295761, "r2": -486.4265483717657, "status": "ok", "start_time": 1607966129.251146, "duration": 4.426707983016968}, "current_params": {"N": 500, "iss": 0.9, "leak": 0.04179343070893392, "ridge": 1e-07, "seed": 1234, "sr": 9.596172970294788}}