{"returned_dict": {"loss": 9.982185653866217, "r2": -84.2664140487823, "status": "ok", "start_time": 1607966812.1474998, "duration": 4.406027793884277}, "current_params": {"N": 500, "iss": 0.9, "leak": 0.0034363220888309226, "ridge": 1e-07, "seed": 1234, "sr": 0.019384144378155246}}