{"returned_dict": {"loss": 94.18226353908263, "r2": -1188.943036926517, "status": "ok", "start_time": 1607966746.3778944, "duration": 4.598857402801514}, "current_params": {"N": 500, "iss": 0.9, "leak": 0.017101900633741857, "ridge": 1e-07, "seed": 1234, "sr": 0.9284535674528069}}