{"returned_dict": {"loss": 96.1438732214513, "r2": -1362.5755809522916, "status": "ok", "start_time": 1607966637.443688, "duration": 4.568999528884888}, "current_params": {"N": 500, "iss": 0.9, "leak": 0.003155922397923622, "ridge": 1e-07, "seed": 1234, "sr": 1.1773158351312092}}