{"returned_dict": {"loss": 960.5918047067074, "r2": -475.96161660300555, "status": "ok", "start_time": 1607966386.1335506, "duration": 4.816216230392456}, "current_params": {"N": 500, "iss": 0.9, "leak": 0.0013717291477199068, "ridge": 1e-07, "seed": 1234, "sr": 7.578312499966862}}